2002-01-02 00:00:00,1154.6700000000001
2002-01-03 00:00:00,1165.27
2002-01-04 00:00:00,1172.51
2002-01-07 00:00:00,1164.8900000000001
2002-01-08 00:00:00,1160.71
2002-01-09 00:00:00,1155.1400000000001
2002-01-10 00:00:00,1156.55
2002-01-11 00:00:00,1145.5999999999999
2002-01-14 00:00:00,1138.4100000000001
2002-01-15 00:00:00,1146.1900000000001
2002-01-16 00:00:00,1127.5699999999999
2002-01-17 00:00:00,1138.8800000000001
2002-01-18 00:00:00,1127.5799999999999
2002-01-22 00:00:00,1119.3099999999999
2002-01-23 00:00:00,1128.1800000000001
2002-01-24 00:00:00,1132.1500000000001
2002-01-25 00:00:00,1133.28
2002-01-28 00:00:00,1133.0599999999999
2002-01-29 00:00:00,1100.6400000000001
2002-01-30 00:00:00,1113.5699999999999
2002-01-31 00:00:00,1130.2
2002-02-01 00:00:00,1122.2
2002-02-04 00:00:00,1094.4400000000001
2002-02-05 00:00:00,1090.02
2002-02-06 00:00:00,1083.51
2002-02-07 00:00:00,1080.1700000000001
2002-02-08 00:00:00,1096.22
2002-02-11 00:00:00,1111.9400000000001
2002-02-12 00:00:00,1107.5
2002-02-13 00:00:00,1118.51
2002-02-14 00:00:00,1116.48
2002-02-15 00:00:00,1104.1800000000001
2002-02-19 00:00:00,1083.3399999999999
2002-02-20 00:00:00,1097.98
2002-02-21 00:00:00,1080.95
2002-02-22 00:00:00,1089.8399999999999
2002-02-25 00:00:00,1109.4300000000001
2002-02-26 00:00:00,1109.3800000000001
2002-02-27 00:00:00,1109.8900000000001
2002-02-28 00:00:00,1106.73
2002-03-01 00:00:00,1131.78
2002-03-04 00:00:00,1153.8399999999999
2002-03-05 00:00:00,1146.1400000000001
2002-03-06 00:00:00,1162.77
2002-03-07 00:00:00,1157.54
2002-03-08 00:00:00,1164.3099999999999
2002-03-11 00:00:00,1168.26
2002-03-12 00:00:00,1165.5799999999999
2002-03-13 00:00:00,1154.0899999999999
2002-03-14 00:00:00,1153.04
2002-03-15 00:00:00,1166.1600000000001
2002-03-18 00:00:00,1165.55
2002-03-19 00:00:00,1170.29
2002-03-20 00:00:00,1151.8499999999999
2002-03-21 00:00:00,1153.5899999999999
2002-03-22 00:00:00,1148.7
2002-03-25 00:00:00,1131.8699999999999
2002-03-26 00:00:00,1138.49
2002-03-27 00:00:00,1144.5799999999999
2002-03-28 00:00:00,1147.3900000000001
2002-04-01 00:00:00,1146.54
2002-04-02 00:00:00,1136.76
2002-04-03 00:00:00,1125.4000000000001
2002-04-04 00:00:00,1126.3399999999999
2002-04-05 00:00:00,1122.73
2002-04-08 00:00:00,1125.29
2002-04-09 00:00:00,1117.8
2002-04-10 00:00:00,1130.47
2002-04-11 00:00:00,1103.6900000000001
2002-04-12 00:00:00,1111.01
2002-04-15 00:00:00,1102.55
2002-04-16 00:00:00,1128.3699999999999
2002-04-17 00:00:00,1126.0699999999999
2002-04-18 00:00:00,1124.47
2002-04-19 00:00:00,1125.1700000000001
2002-04-22 00:00:00,1107.8299999999999
2002-04-23 00:00:00,1100.96
2002-04-24 00:00:00,1093.1400000000001
2002-04-25 00:00:00,1091.48
2002-04-26 00:00:00,1076.3199999999999
2002-04-29 00:00:00,1065.45
2002-04-30 00:00:00,1076.9200000000001
2002-05-01 00:00:00,1086.46
2002-05-02 00:00:00,1084.5599999999999
2002-05-03 00:00:00,1073.4300000000001
2002-05-06 00:00:00,1052.6700000000001
2002-05-07 00:00:00,1049.49
2002-05-08 00:00:00,1088.8499999999999
2002-05-09 00:00:00,1073.01
2002-05-10 00:00:00,1054.99
2002-05-13 00:00:00,1074.5599999999999
2002-05-14 00:00:00,1097.28
2002-05-15 00:00:00,1091.0699999999999
2002-05-16 00:00:00,1098.23
2002-05-17 00:00:00,1106.5899999999999
2002-05-20 00:00:00,1091.8800000000001
2002-05-21 00:00:00,1079.8800000000001
2002-05-22 00:00:00,1086.02
2002-05-23 00:00:00,1097.0799999999999
2002-05-24 00:00:00,1083.8199999999999
2002-05-28 00:00:00,1074.55
2002-05-29 00:00:00,1067.6600000000001
2002-05-30 00:00:00,1064.6600000000001
2002-05-31 00:00:00,1067.1400000000001
2002-06-03 00:00:00,1040.6800000000001
2002-06-04 00:00:00,1040.6900000000001
2002-06-05 00:00:00,1049.9000000000001
2002-06-06 00:00:00,1029.1500000000001
2002-06-07 00:00:00,1027.53
2002-06-10 00:00:00,1030.74
2002-06-11 00:00:00,1013.6
2002-06-12 00:00:00,1020.26
2002-06-13 00:00:00,1009.5599999999999
2002-06-14 00:00:00,1007.27
2002-06-17 00:00:00,1036.1700000000001
2002-06-18 00:00:00,1037.1400000000001
2002-06-19 00:00:00,1019.99
2002-06-20 00:00:00,1006.29
2002-06-21 00:00:00,989.13999999999999
2002-06-24 00:00:00,992.72000000000003
2002-06-25 00:00:00,976.13999999999999
2002-06-26 00:00:00,973.52999999999997
2002-06-27 00:00:00,990.63999999999999
2002-06-28 00:00:00,989.82000000000005
2002-07-01 00:00:00,968.64999999999998
2002-07-02 00:00:00,948.09000000000003
2002-07-03 00:00:00,953.99000000000001
2002-07-05 00:00:00,989.02999999999997
2002-07-08 00:00:00,976.98000000000002
2002-07-09 00:00:00,952.83000000000004
2002-07-10 00:00:00,920.47000000000003
2002-07-11 00:00:00,927.37
2002-07-12 00:00:00,921.38999999999999
2002-07-15 00:00:00,917.92999999999995
2002-07-16 00:00:00,900.94000000000005
2002-07-17 00:00:00,906.03999999999996
2002-07-18 00:00:00,881.55999999999995
2002-07-19 00:00:00,847.75
2002-07-22 00:00:00,819.85000000000002
2002-07-23 00:00:00,797.70000000000005
2002-07-24 00:00:00,843.42999999999995
2002-07-25 00:00:00,838.67999999999995
2002-07-26 00:00:00,852.84000000000003
2002-07-29 00:00:00,898.96000000000004
2002-07-30 00:00:00,902.77999999999997
2002-07-31 00:00:00,911.62
2002-08-01 00:00:00,884.65999999999997
2002-08-02 00:00:00,864.24000000000001
2002-08-05 00:00:00,834.60000000000002
2002-08-06 00:00:00,859.57000000000005
2002-08-07 00:00:00,876.76999999999998
2002-08-08 00:00:00,905.46000000000004
2002-08-09 00:00:00,908.63999999999999
2002-08-12 00:00:00,903.79999999999995
2002-08-13 00:00:00,884.21000000000004
2002-08-14 00:00:00,919.62
2002-08-15 00:00:00,930.25
2002-08-16 00:00:00,928.76999999999998
2002-08-19 00:00:00,950.70000000000005
2002-08-20 00:00:00,937.42999999999995
2002-08-21 00:00:00,949.36000000000001
2002-08-22 00:00:00,962.70000000000005
2002-08-23 00:00:00,940.86000000000001
2002-08-26 00:00:00,947.95000000000005
2002-08-27 00:00:00,934.82000000000005
2002-08-28 00:00:00,917.87
2002-08-29 00:00:00,917.79999999999995
2002-08-30 00:00:00,916.07000000000005
2002-09-03 00:00:00,878.01999999999998
2002-09-04 00:00:00,893.39999999999998
2002-09-05 00:00:00,879.14999999999998
2002-09-06 00:00:00,893.91999999999996
2002-09-09 00:00:00,902.96000000000004
2002-09-10 00:00:00,909.58000000000004
2002-09-11 00:00:00,909.45000000000005
2002-09-12 00:00:00,886.90999999999997
2002-09-13 00:00:00,889.80999999999995
2002-09-16 00:00:00,891.10000000000002
2002-09-17 00:00:00,873.51999999999998
2002-09-18 00:00:00,869.46000000000004
2002-09-19 00:00:00,843.32000000000005
2002-09-20 00:00:00,845.38999999999999
2002-09-23 00:00:00,833.70000000000005
2002-09-24 00:00:00,819.28999999999996
2002-09-25 00:00:00,839.65999999999997
2002-09-26 00:00:00,854.95000000000005
2002-09-27 00:00:00,827.37
2002-09-30 00:00:00,815.27999999999997
2002-10-01 00:00:00,847.90999999999997
2002-10-02 00:00:00,827.90999999999997
2002-10-03 00:00:00,818.95000000000005
2002-10-04 00:00:00,800.58000000000004
2002-10-07 00:00:00,785.27999999999997
2002-10-08 00:00:00,798.54999999999995
2002-10-09 00:00:00,776.75999999999999
2002-10-10 00:00:00,803.91999999999996
2002-10-11 00:00:00,835.32000000000005
2002-10-14 00:00:00,841.44000000000005
2002-10-15 00:00:00,881.26999999999998
2002-10-16 00:00:00,860.01999999999998
2002-10-17 00:00:00,879.20000000000005
2002-10-18 00:00:00,884.38999999999999
2002-10-21 00:00:00,899.72000000000003
2002-10-22 00:00:00,890.15999999999997
2002-10-23 00:00:00,896.13999999999999
2002-10-24 00:00:00,882.5
2002-10-25 00:00:00,897.64999999999998
2002-10-28 00:00:00,890.23000000000002
2002-10-29 00:00:00,882.14999999999998
2002-10-30 00:00:00,890.71000000000004
2002-10-31 00:00:00,885.75999999999999
2002-11-01 00:00:00,900.96000000000004
2002-11-04 00:00:00,908.35000000000002
2002-11-05 00:00:00,915.38999999999999
2002-11-06 00:00:00,923.75999999999999
2002-11-07 00:00:00,902.64999999999998
2002-11-08 00:00:00,894.74000000000001
2002-11-11 00:00:00,876.19000000000005
2002-11-12 00:00:00,882.95000000000005
2002-11-13 00:00:00,882.52999999999997
2002-11-14 00:00:00,904.26999999999998
2002-11-15 00:00:00,909.83000000000004
2002-11-18 00:00:00,900.36000000000001
2002-11-19 00:00:00,896.74000000000001
2002-11-20 00:00:00,914.14999999999998
2002-11-21 00:00:00,933.75999999999999
2002-11-22 00:00:00,930.54999999999995
2002-11-25 00:00:00,932.87
2002-11-26 00:00:00,913.30999999999995
2002-11-27 00:00:00,938.87
2002-11-29 00:00:00,936.30999999999995
2002-12-02 00:00:00,934.52999999999997
2002-12-03 00:00:00,920.75
2002-12-04 00:00:00,917.58000000000004
2002-12-05 00:00:00,906.54999999999995
2002-12-06 00:00:00,912.23000000000002
2002-12-09 00:00:00,892.0
2002-12-10 00:00:00,904.45000000000005
2002-12-11 00:00:00,904.96000000000004
2002-12-12 00:00:00,901.58000000000004
2002-12-13 00:00:00,889.48000000000002
2002-12-16 00:00:00,910.39999999999998
2002-12-17 00:00:00,902.99000000000001
2002-12-18 00:00:00,891.12
2002-12-19 00:00:00,884.25
2002-12-20 00:00:00,895.75999999999999
2002-12-23 00:00:00,897.38
2002-12-24 00:00:00,892.47000000000003
2002-12-26 00:00:00,889.65999999999997
2002-12-27 00:00:00,875.39999999999998
2002-12-30 00:00:00,879.38999999999999
2002-12-31 00:00:00,879.82000000000005
2003-01-02 00:00:00,909.02999999999997
2003-01-03 00:00:00,908.59000000000003
2003-01-06 00:00:00,929.00999999999999
2003-01-07 00:00:00,922.92999999999995
2003-01-08 00:00:00,909.92999999999995
2003-01-09 00:00:00,927.57000000000005
2003-01-10 00:00:00,927.57000000000005
2003-01-13 00:00:00,926.25999999999999
2003-01-14 00:00:00,931.65999999999997
2003-01-15 00:00:00,918.22000000000003
2003-01-16 00:00:00,914.60000000000002
2003-01-17 00:00:00,901.77999999999997
2003-01-21 00:00:00,887.62
2003-01-22 00:00:00,878.36000000000001
2003-01-23 00:00:00,887.34000000000003
2003-01-24 00:00:00,861.39999999999998
2003-01-27 00:00:00,847.48000000000002
2003-01-28 00:00:00,858.53999999999996
2003-01-29 00:00:00,864.36000000000001
2003-01-30 00:00:00,844.61000000000001
2003-01-31 00:00:00,855.70000000000005
2003-02-03 00:00:00,860.32000000000005
2003-02-04 00:00:00,848.20000000000005
2003-02-05 00:00:00,843.59000000000003
2003-02-06 00:00:00,838.14999999999998
2003-02-07 00:00:00,829.69000000000005
2003-02-10 00:00:00,835.97000000000003
2003-02-11 00:00:00,829.20000000000005
2003-02-12 00:00:00,818.67999999999995
2003-02-13 00:00:00,817.37
2003-02-14 00:00:00,834.88999999999999
2003-02-18 00:00:00,851.16999999999996
2003-02-19 00:00:00,845.13
2003-02-20 00:00:00,837.10000000000002
2003-02-21 00:00:00,848.16999999999996
2003-02-24 00:00:00,832.58000000000004
2003-02-25 00:00:00,838.57000000000005
2003-02-26 00:00:00,827.54999999999995
2003-02-27 00:00:00,837.27999999999997
2003-02-28 00:00:00,841.14999999999998
2003-03-03 00:00:00,834.80999999999995
2003-03-04 00:00:00,821.99000000000001
2003-03-05 00:00:00,829.85000000000002
2003-03-06 00:00:00,822.10000000000002
2003-03-07 00:00:00,828.88999999999999
2003-03-10 00:00:00,807.48000000000002
2003-03-11 00:00:00,800.73000000000002
2003-03-12 00:00:00,804.19000000000005
2003-03-13 00:00:00,831.89999999999998
2003-03-14 00:00:00,833.26999999999998
2003-03-17 00:00:00,862.78999999999996
2003-03-18 00:00:00,866.45000000000005
2003-03-19 00:00:00,874.01999999999998
2003-03-20 00:00:00,875.66999999999996
2003-03-21 00:00:00,895.78999999999996
2003-03-24 00:00:00,864.23000000000002
2003-03-25 00:00:00,874.74000000000001
2003-03-26 00:00:00,869.95000000000005
2003-03-27 00:00:00,868.51999999999998
2003-03-28 00:00:00,863.5
2003-03-31 00:00:00,848.17999999999995
2003-04-01 00:00:00,858.48000000000002
2003-04-02 00:00:00,880.89999999999998
2003-04-03 00:00:00,876.45000000000005
2003-04-04 00:00:00,878.85000000000002
2003-04-07 00:00:00,879.92999999999995
2003-04-08 00:00:00,878.28999999999996
2003-04-09 00:00:00,865.99000000000001
2003-04-10 00:00:00,871.58000000000004
2003-04-11 00:00:00,868.29999999999995
2003-04-14 00:00:00,885.23000000000002
2003-04-15 00:00:00,890.80999999999995
2003-04-16 00:00:00,879.90999999999997
2003-04-17 00:00:00,893.58000000000004
2003-04-21 00:00:00,892.00999999999999
2003-04-22 00:00:00,911.37
2003-04-23 00:00:00,919.01999999999998
2003-04-24 00:00:00,911.42999999999995
2003-04-25 00:00:00,898.80999999999995
2003-04-28 00:00:00,914.84000000000003
2003-04-29 00:00:00,917.84000000000003
2003-04-30 00:00:00,916.91999999999996
2003-05-01 00:00:00,916.29999999999995
2003-05-02 00:00:00,930.08000000000004
2003-05-05 00:00:00,926.54999999999995
2003-05-06 00:00:00,934.38999999999999
2003-05-07 00:00:00,929.62
2003-05-08 00:00:00,920.26999999999998
2003-05-09 00:00:00,933.40999999999997
2003-05-12 00:00:00,945.11000000000001
2003-05-13 00:00:00,942.29999999999995
2003-05-14 00:00:00,939.27999999999997
2003-05-15 00:00:00,946.66999999999996
2003-05-16 00:00:00,944.29999999999995
2003-05-19 00:00:00,920.76999999999998
2003-05-20 00:00:00,919.73000000000002
2003-05-21 00:00:00,923.41999999999996
2003-05-22 00:00:00,931.87
2003-05-23 00:00:00,933.22000000000003
2003-05-27 00:00:00,951.48000000000002
2003-05-28 00:00:00,953.22000000000003
2003-05-29 00:00:00,949.63999999999999
2003-05-30 00:00:00,963.59000000000003
2003-06-02 00:00:00,967.0
2003-06-03 00:00:00,971.55999999999995
2003-06-04 00:00:00,986.24000000000001
2003-06-05 00:00:00,990.13999999999999
2003-06-06 00:00:00,987.75999999999999
2003-06-09 00:00:00,975.92999999999995
2003-06-10 00:00:00,984.84000000000003
2003-06-11 00:00:00,997.48000000000002
2003-06-12 00:00:00,998.50999999999999
2003-06-13 00:00:00,988.61000000000001
2003-06-16 00:00:00,1010.74
2003-06-17 00:00:00,1011.66
2003-06-18 00:00:00,1010.09
2003-06-19 00:00:00,994.70000000000005
2003-06-20 00:00:00,995.69000000000005
2003-06-23 00:00:00,981.63999999999999
2003-06-24 00:00:00,983.45000000000005
2003-06-25 00:00:00,975.32000000000005
2003-06-26 00:00:00,985.82000000000005
2003-06-27 00:00:00,976.22000000000003
2003-06-30 00:00:00,974.5
2003-07-01 00:00:00,982.32000000000005
2003-07-02 00:00:00,993.75
2003-07-03 00:00:00,985.70000000000005
2003-07-07 00:00:00,1004.42
2003-07-08 00:00:00,1007.84
2003-07-09 00:00:00,1002.21
2003-07-10 00:00:00,988.70000000000005
2003-07-11 00:00:00,998.13999999999999
2003-07-14 00:00:00,1003.86
2003-07-15 00:00:00,1000.42
2003-07-16 00:00:00,994.09000000000003
2003-07-17 00:00:00,981.73000000000002
2003-07-18 00:00:00,993.32000000000005
2003-07-21 00:00:00,978.79999999999995
2003-07-22 00:00:00,988.11000000000001
2003-07-23 00:00:00,988.61000000000001
2003-07-24 00:00:00,981.60000000000002
2003-07-25 00:00:00,998.67999999999995
2003-07-28 00:00:00,996.51999999999998
2003-07-29 00:00:00,989.27999999999997
2003-07-30 00:00:00,987.49000000000001
2003-07-31 00:00:00,990.30999999999995
2003-08-01 00:00:00,980.14999999999998
2003-08-04 00:00:00,982.82000000000005
2003-08-05 00:00:00,965.46000000000004
2003-08-06 00:00:00,967.08000000000004
2003-08-07 00:00:00,974.12
2003-08-08 00:00:00,977.59000000000003
2003-08-11 00:00:00,980.59000000000003
2003-08-12 00:00:00,990.35000000000002
2003-08-13 00:00:00,984.02999999999997
2003-08-14 00:00:00,990.50999999999999
2003-08-15 00:00:00,990.66999999999996
2003-08-18 00:00:00,999.74000000000001
2003-08-19 00:00:00,1002.35
2003-08-20 00:00:00,1000.3
2003-08-21 00:00:00,1003.27
2003-08-22 00:00:00,993.05999999999995
2003-08-25 00:00:00,993.71000000000004
2003-08-26 00:00:00,996.73000000000002
2003-08-27 00:00:00,996.78999999999996
2003-08-28 00:00:00,1002.84
2003-08-29 00:00:00,1008.01
2003-09-02 00:00:00,1021.99
2003-09-03 00:00:00,1026.27
2003-09-04 00:00:00,1027.97
2003-09-05 00:00:00,1021.39
2003-09-08 00:00:00,1031.6400000000001
2003-09-09 00:00:00,1023.17
2003-09-10 00:00:00,1010.92
2003-09-11 00:00:00,1016.42
2003-09-12 00:00:00,1018.63
2003-09-15 00:00:00,1014.8099999999999
2003-09-16 00:00:00,1029.3199999999999
2003-09-17 00:00:00,1025.97
2003-09-18 00:00:00,1039.5799999999999
2003-09-19 00:00:00,1036.3
2003-09-22 00:00:00,1022.8200000000001
2003-09-23 00:00:00,1029.03
2003-09-24 00:00:00,1009.38
2003-09-25 00:00:00,1003.27
2003-09-26 00:00:00,996.85000000000002
2003-09-29 00:00:00,1006.58
2003-09-30 00:00:00,995.97000000000003
2003-10-01 00:00:00,1018.22
2003-10-02 00:00:00,1020.24
2003-10-03 00:00:00,1029.8499999999999
2003-10-06 00:00:00,1034.3499999999999
2003-10-07 00:00:00,1039.25
2003-10-08 00:00:00,1033.78
2003-10-09 00:00:00,1038.73
2003-10-10 00:00:00,1038.0599999999999
2003-10-13 00:00:00,1045.3499999999999
2003-10-14 00:00:00,1049.48
2003-10-15 00:00:00,1046.76
2003-10-16 00:00:00,1050.0699999999999
2003-10-17 00:00:00,1039.3199999999999
2003-10-20 00:00:00,1044.6800000000001
2003-10-21 00:00:00,1046.03
2003-10-22 00:00:00,1030.3599999999999
2003-10-23 00:00:00,1033.77
2003-10-24 00:00:00,1028.9100000000001
2003-10-27 00:00:00,1031.1300000000001
2003-10-28 00:00:00,1046.79
2003-10-29 00:00:00,1048.1099999999999
2003-10-30 00:00:00,1046.9400000000001
2003-10-31 00:00:00,1050.71
2003-11-03 00:00:00,1059.02
2003-11-04 00:00:00,1053.25
2003-11-05 00:00:00,1051.8099999999999
2003-11-06 00:00:00,1058.05
2003-11-07 00:00:00,1053.21
2003-11-10 00:00:00,1047.1099999999999
2003-11-11 00:00:00,1046.5699999999999
2003-11-12 00:00:00,1058.53
2003-11-13 00:00:00,1058.4100000000001
2003-11-14 00:00:00,1050.3499999999999
2003-11-17 00:00:00,1043.6300000000001
2003-11-18 00:00:00,1034.1500000000001
2003-11-19 00:00:00,1042.4400000000001
2003-11-20 00:00:00,1033.6500000000001
2003-11-21 00:00:00,1035.28
2003-11-24 00:00:00,1052.0799999999999
2003-11-25 00:00:00,1053.8900000000001
2003-11-26 00:00:00,1058.45
2003-11-28 00:00:00,1058.2
2003-12-01 00:00:00,1070.1199999999999
2003-12-02 00:00:00,1066.6199999999999
2003-12-03 00:00:00,1064.73
2003-12-04 00:00:00,1069.72
2003-12-05 00:00:00,1061.5
2003-12-08 00:00:00,1069.3
2003-12-09 00:00:00,1060.1800000000001
2003-12-10 00:00:00,1059.05
2003-12-11 00:00:00,1071.21
2003-12-12 00:00:00,1074.1400000000001
2003-12-15 00:00:00,1068.04
2003-12-16 00:00:00,1075.1300000000001
2003-12-17 00:00:00,1076.48
2003-12-18 00:00:00,1089.1800000000001
2003-12-19 00:00:00,1088.6600000000001
2003-12-22 00:00:00,1092.9400000000001
2003-12-23 00:00:00,1096.02
2003-12-24 00:00:00,1094.04
2003-12-26 00:00:00,1095.8900000000001
2003-12-29 00:00:00,1109.48
2003-12-30 00:00:00,1109.6400000000001
2003-12-31 00:00:00,1111.9200000000001
2004-01-02 00:00:00,1108.48
2004-01-05 00:00:00,1122.22
2004-01-06 00:00:00,1123.6700000000001
2004-01-07 00:00:00,1126.3299999999999
2004-01-08 00:00:00,1131.9200000000001
2004-01-09 00:00:00,1121.8599999999999
2004-01-12 00:00:00,1127.23
2004-01-13 00:00:00,1121.22
2004-01-14 00:00:00,1130.52
2004-01-15 00:00:00,1132.05
2004-01-16 00:00:00,1139.8299999999999
2004-01-20 00:00:00,1138.77
2004-01-21 00:00:00,1147.6199999999999
2004-01-22 00:00:00,1143.9400000000001
2004-01-23 00:00:00,1141.55
2004-01-26 00:00:00,1155.3699999999999
2004-01-27 00:00:00,1144.05
2004-01-28 00:00:00,1128.48
2004-01-29 00:00:00,1134.1099999999999
2004-01-30 00:00:00,1131.1300000000001
2004-02-02 00:00:00,1135.26
2004-02-03 00:00:00,1136.03
2004-02-04 00:00:00,1126.52
2004-02-05 00:00:00,1128.5899999999999
2004-02-06 00:00:00,1142.76
2004-02-09 00:00:00,1139.8099999999999
2004-02-10 00:00:00,1145.54
2004-02-11 00:00:00,1157.76
2004-02-12 00:00:00,1152.1099999999999
2004-02-13 00:00:00,1145.8099999999999
2004-02-17 00:00:00,1156.99
2004-02-18 00:00:00,1151.8199999999999
2004-02-19 00:00:00,1147.0599999999999
2004-02-20 00:00:00,1144.1099999999999
2004-02-23 00:00:00,1140.99
2004-02-24 00:00:00,1139.0899999999999
2004-02-25 00:00:00,1143.6700000000001
2004-02-26 00:00:00,1144.9100000000001
2004-02-27 00:00:00,1144.9400000000001
2004-03-01 00:00:00,1155.97
2004-03-02 00:00:00,1149.0999999999999
2004-03-03 00:00:00,1151.03
2004-03-04 00:00:00,1154.8699999999999
2004-03-05 00:00:00,1156.8599999999999
2004-03-08 00:00:00,1147.2
2004-03-09 00:00:00,1140.5799999999999
2004-03-10 00:00:00,1123.8900000000001
2004-03-11 00:00:00,1106.78
2004-03-12 00:00:00,1120.5699999999999
2004-03-15 00:00:00,1104.49
2004-03-16 00:00:00,1110.7
2004-03-17 00:00:00,1123.75
2004-03-18 00:00:00,1122.3199999999999
2004-03-19 00:00:00,1109.78
2004-03-22 00:00:00,1095.4000000000001
2004-03-23 00:00:00,1093.95
2004-03-24 00:00:00,1091.3299999999999
2004-03-25 00:00:00,1109.1900000000001
2004-03-26 00:00:00,1108.0599999999999
2004-03-29 00:00:00,1122.47
2004-03-30 00:00:00,1127.0
2004-03-31 00:00:00,1126.21
2004-04-01 00:00:00,1132.1700000000001
2004-04-02 00:00:00,1141.8099999999999
2004-04-05 00:00:00,1150.5699999999999
2004-04-06 00:00:00,1148.1600000000001
2004-04-07 00:00:00,1140.53
2004-04-08 00:00:00,1139.3199999999999
2004-04-12 00:00:00,1145.2
2004-04-13 00:00:00,1129.4400000000001
2004-04-14 00:00:00,1128.1700000000001
2004-04-15 00:00:00,1128.8399999999999
2004-04-16 00:00:00,1134.6099999999999
2004-04-19 00:00:00,1135.8199999999999
2004-04-20 00:00:00,1118.1500000000001
2004-04-21 00:00:00,1124.0899999999999
2004-04-22 00:00:00,1139.9300000000001
2004-04-23 00:00:00,1140.5999999999999
2004-04-26 00:00:00,1135.53
2004-04-27 00:00:00,1138.1099999999999
2004-04-28 00:00:00,1122.4100000000001
2004-04-29 00:00:00,1113.8900000000001
2004-04-30 00:00:00,1107.3
2004-05-03 00:00:00,1117.49
2004-05-04 00:00:00,1119.55
2004-05-05 00:00:00,1121.53
2004-05-06 00:00:00,1113.99
2004-05-07 00:00:00,1098.7
2004-05-10 00:00:00,1087.1199999999999
2004-05-11 00:00:00,1095.45
2004-05-12 00:00:00,1097.28
2004-05-13 00:00:00,1096.4400000000001
2004-05-14 00:00:00,1095.7
2004-05-17 00:00:00,1084.0999999999999
2004-05-18 00:00:00,1091.49
2004-05-19 00:00:00,1088.6800000000001
2004-05-20 00:00:00,1089.1900000000001
2004-05-21 00:00:00,1093.5599999999999
2004-05-24 00:00:00,1095.4100000000001
2004-05-25 00:00:00,1113.05
2004-05-26 00:00:00,1114.9400000000001
2004-05-27 00:00:00,1121.28
2004-05-28 00:00:00,1120.6800000000001
2004-06-01 00:00:00,1121.2
2004-06-02 00:00:00,1124.99
2004-06-03 00:00:00,1116.6400000000001
2004-06-04 00:00:00,1122.5
2004-06-07 00:00:00,1140.4200000000001
2004-06-08 00:00:00,1142.1800000000001
2004-06-09 00:00:00,1131.3299999999999
2004-06-10 00:00:00,1136.47
2004-06-14 00:00:00,1125.29
2004-06-15 00:00:00,1132.01
2004-06-16 00:00:00,1133.5599999999999
2004-06-17 00:00:00,1132.05
2004-06-18 00:00:00,1135.02
2004-06-21 00:00:00,1130.3
2004-06-22 00:00:00,1134.4100000000001
2004-06-23 00:00:00,1144.0599999999999
2004-06-24 00:00:00,1140.6500000000001
2004-06-25 00:00:00,1134.4300000000001
2004-06-28 00:00:00,1133.3499999999999
2004-06-29 00:00:00,1136.2
2004-06-30 00:00:00,1140.8399999999999
2004-07-01 00:00:00,1128.9400000000001
2004-07-02 00:00:00,1125.3800000000001
2004-07-06 00:00:00,1116.21
2004-07-07 00:00:00,1118.3299999999999
2004-07-08 00:00:00,1109.1099999999999
2004-07-09 00:00:00,1112.8099999999999
2004-07-12 00:00:00,1114.3499999999999
2004-07-13 00:00:00,1115.1400000000001
2004-07-14 00:00:00,1111.47
2004-07-15 00:00:00,1106.6900000000001
2004-07-16 00:00:00,1101.3900000000001
2004-07-19 00:00:00,1100.9000000000001
2004-07-20 00:00:00,1108.6700000000001
2004-07-21 00:00:00,1093.8800000000001
2004-07-22 00:00:00,1096.8399999999999
2004-07-23 00:00:00,1086.2
2004-07-26 00:00:00,1084.0699999999999
2004-07-27 00:00:00,1094.8299999999999
2004-07-28 00:00:00,1095.4200000000001
2004-07-29 00:00:00,1100.4300000000001
2004-07-30 00:00:00,1101.72
2004-08-02 00:00:00,1106.6199999999999
2004-08-03 00:00:00,1099.6900000000001
2004-08-04 00:00:00,1098.6300000000001
2004-08-05 00:00:00,1080.7
2004-08-06 00:00:00,1063.97
2004-08-09 00:00:00,1065.22
2004-08-10 00:00:00,1079.04
2004-08-11 00:00:00,1075.79
2004-08-12 00:00:00,1063.23
2004-08-13 00:00:00,1064.8
2004-08-16 00:00:00,1079.3399999999999
2004-08-17 00:00:00,1081.71
2004-08-18 00:00:00,1095.1700000000001
2004-08-19 00:00:00,1091.23
2004-08-20 00:00:00,1098.3499999999999
2004-08-23 00:00:00,1095.6800000000001
2004-08-24 00:00:00,1096.1900000000001
2004-08-25 00:00:00,1104.96
2004-08-26 00:00:00,1105.0899999999999
2004-08-27 00:00:00,1107.77
2004-08-30 00:00:00,1099.1500000000001
2004-08-31 00:00:00,1104.24
2004-09-01 00:00:00,1105.9100000000001
2004-09-02 00:00:00,1118.3099999999999
2004-09-03 00:00:00,1113.6300000000001
2004-09-07 00:00:00,1121.3
2004-09-08 00:00:00,1116.27
2004-09-09 00:00:00,1118.3800000000001
2004-09-10 00:00:00,1123.9200000000001
2004-09-13 00:00:00,1125.8199999999999
2004-09-14 00:00:00,1128.3299999999999
2004-09-15 00:00:00,1120.3699999999999
2004-09-16 00:00:00,1123.5
2004-09-17 00:00:00,1128.55
2004-09-20 00:00:00,1122.2
2004-09-21 00:00:00,1129.3
2004-09-22 00:00:00,1113.5599999999999
2004-09-23 00:00:00,1108.3599999999999
2004-09-24 00:00:00,1110.1099999999999
2004-09-27 00:00:00,1103.52
2004-09-28 00:00:00,1110.0599999999999
2004-09-29 00:00:00,1114.8
2004-09-30 00:00:00,1114.5799999999999
2004-10-01 00:00:00,1131.5
2004-10-04 00:00:00,1135.1700000000001
2004-10-05 00:00:00,1134.48
2004-10-06 00:00:00,1142.05
2004-10-07 00:00:00,1130.6500000000001
2004-10-08 00:00:00,1122.1400000000001
2004-10-11 00:00:00,1124.3900000000001
2004-10-12 00:00:00,1121.8399999999999
2004-10-13 00:00:00,1113.6500000000001
2004-10-14 00:00:00,1103.29
2004-10-15 00:00:00,1108.2
2004-10-18 00:00:00,1114.02
2004-10-19 00:00:00,1103.23
2004-10-20 00:00:00,1103.6600000000001
2004-10-21 00:00:00,1106.49
2004-10-22 00:00:00,1095.74
2004-10-25 00:00:00,1094.8
2004-10-26 00:00:00,1111.0899999999999
2004-10-27 00:00:00,1125.4000000000001
2004-10-28 00:00:00,1127.4400000000001
2004-10-29 00:00:00,1130.2
2004-11-01 00:00:00,1130.51
2004-11-02 00:00:00,1130.5599999999999
2004-11-03 00:00:00,1143.2
2004-11-04 00:00:00,1161.6700000000001
2004-11-05 00:00:00,1166.1700000000001
2004-11-08 00:00:00,1164.8900000000001
2004-11-09 00:00:00,1164.0799999999999
2004-11-10 00:00:00,1162.9100000000001
2004-11-11 00:00:00,1173.48
2004-11-12 00:00:00,1184.1700000000001
2004-11-15 00:00:00,1183.8099999999999
2004-11-16 00:00:00,1175.4300000000001
2004-11-17 00:00:00,1181.9400000000001
2004-11-18 00:00:00,1183.55
2004-11-19 00:00:00,1170.3399999999999
2004-11-22 00:00:00,1177.24
2004-11-23 00:00:00,1176.9400000000001
2004-11-24 00:00:00,1181.76
2004-11-26 00:00:00,1182.6500000000001
2004-11-29 00:00:00,1178.5699999999999
2004-11-30 00:00:00,1173.8199999999999
2004-12-01 00:00:00,1191.3699999999999
2004-12-02 00:00:00,1190.3299999999999
2004-12-03 00:00:00,1191.1700000000001
2004-12-06 00:00:00,1190.25
2004-12-07 00:00:00,1177.0699999999999
2004-12-08 00:00:00,1182.8099999999999
2004-12-09 00:00:00,1189.24
2004-12-10 00:00:00,1188.0
2004-12-13 00:00:00,1198.6800000000001
2004-12-14 00:00:00,1203.3800000000001
2004-12-15 00:00:00,1205.72
2004-12-16 00:00:00,1203.21
2004-12-17 00:00:00,1194.2
2004-12-20 00:00:00,1194.6500000000001
2004-12-21 00:00:00,1205.45
2004-12-22 00:00:00,1209.5699999999999
2004-12-23 00:00:00,1210.1300000000001
2004-12-27 00:00:00,1204.9200000000001
2004-12-28 00:00:00,1213.54
2004-12-29 00:00:00,1213.45
2004-12-30 00:00:00,1213.55
2004-12-31 00:00:00,1211.9200000000001
2005-01-03 00:00:00,1202.0799999999999
2005-01-04 00:00:00,1188.05
2005-01-05 00:00:00,1183.74
2005-01-06 00:00:00,1187.8900000000001
2005-01-07 00:00:00,1186.1900000000001
2005-01-10 00:00:00,1190.25
2005-01-11 00:00:00,1182.99
2005-01-12 00:00:00,1187.7
2005-01-13 00:00:00,1177.45
2005-01-14 00:00:00,1184.52
2005-01-18 00:00:00,1195.98
2005-01-19 00:00:00,1184.6300000000001
2005-01-20 00:00:00,1175.4100000000001
2005-01-21 00:00:00,1167.8699999999999
2005-01-24 00:00:00,1163.75
2005-01-25 00:00:00,1168.4100000000001
2005-01-26 00:00:00,1174.0699999999999
2005-01-27 00:00:00,1174.55
2005-01-28 00:00:00,1171.3599999999999
2005-01-31 00:00:00,1181.27
2005-02-01 00:00:00,1189.4100000000001
2005-02-02 00:00:00,1193.1900000000001
2005-02-03 00:00:00,1189.8900000000001
2005-02-04 00:00:00,1203.03
2005-02-07 00:00:00,1201.72
2005-02-08 00:00:00,1202.3
2005-02-09 00:00:00,1191.99
2005-02-10 00:00:00,1197.01
2005-02-11 00:00:00,1205.3
2005-02-14 00:00:00,1206.1400000000001
2005-02-15 00:00:00,1210.1199999999999
2005-02-16 00:00:00,1210.3399999999999
2005-02-17 00:00:00,1200.75
2005-02-18 00:00:00,1201.5899999999999
2005-02-22 00:00:00,1184.1600000000001
2005-02-23 00:00:00,1190.8
2005-02-24 00:00:00,1200.2
2005-02-25 00:00:00,1211.3699999999999
2005-02-28 00:00:00,1203.5999999999999
2005-03-01 00:00:00,1210.4100000000001
2005-03-02 00:00:00,1210.0799999999999
2005-03-03 00:00:00,1210.47
2005-03-04 00:00:00,1222.1199999999999
2005-03-07 00:00:00,1225.3099999999999
2005-03-08 00:00:00,1219.4300000000001
2005-03-09 00:00:00,1207.01
2005-03-10 00:00:00,1209.25
2005-03-11 00:00:00,1200.0799999999999
2005-03-14 00:00:00,1206.8299999999999
2005-03-15 00:00:00,1197.75
2005-03-16 00:00:00,1188.0699999999999
2005-03-17 00:00:00,1190.21
2005-03-18 00:00:00,1189.6500000000001
2005-03-21 00:00:00,1183.78
2005-03-22 00:00:00,1171.71
2005-03-23 00:00:00,1172.53
2005-03-24 00:00:00,1171.4200000000001
2005-03-28 00:00:00,1174.28
2005-03-29 00:00:00,1165.3599999999999
2005-03-30 00:00:00,1181.4100000000001
2005-03-31 00:00:00,1180.5899999999999
2005-04-01 00:00:00,1172.9200000000001
2005-04-04 00:00:00,1176.1199999999999
2005-04-05 00:00:00,1181.3900000000001
2005-04-06 00:00:00,1184.0699999999999
2005-04-07 00:00:00,1191.1400000000001
2005-04-08 00:00:00,1181.2
2005-04-11 00:00:00,1181.21
2005-04-12 00:00:00,1187.76
2005-04-13 00:00:00,1173.79
2005-04-14 00:00:00,1162.05
2005-04-15 00:00:00,1142.6199999999999
2005-04-18 00:00:00,1145.98
2005-04-19 00:00:00,1152.78
2005-04-20 00:00:00,1137.5
2005-04-21 00:00:00,1159.95
2005-04-22 00:00:00,1152.1199999999999
2005-04-25 00:00:00,1162.0999999999999
2005-04-26 00:00:00,1151.8299999999999
2005-04-27 00:00:00,1156.3800000000001
2005-04-28 00:00:00,1143.22
2005-04-29 00:00:00,1156.8499999999999
2005-05-02 00:00:00,1162.1600000000001
2005-05-03 00:00:00,1161.1700000000001
2005-05-04 00:00:00,1175.6500000000001
2005-05-05 00:00:00,1172.6300000000001
2005-05-06 00:00:00,1171.3499999999999
2005-05-09 00:00:00,1178.8399999999999
2005-05-10 00:00:00,1166.22
2005-05-11 00:00:00,1171.1099999999999
2005-05-12 00:00:00,1159.3599999999999
2005-05-13 00:00:00,1154.05
2005-05-16 00:00:00,1165.6900000000001
2005-05-17 00:00:00,1173.8
2005-05-18 00:00:00,1185.5599999999999
2005-05-19 00:00:00,1191.0799999999999
2005-05-20 00:00:00,1189.28
2005-05-23 00:00:00,1193.8599999999999
2005-05-24 00:00:00,1194.0699999999999
2005-05-25 00:00:00,1190.01
2005-05-26 00:00:00,1197.6199999999999
2005-05-27 00:00:00,1198.78
2005-05-31 00:00:00,1191.5
2005-06-01 00:00:00,1202.22
2005-06-02 00:00:00,1204.29
2005-06-03 00:00:00,1196.02
2005-06-06 00:00:00,1197.51
2005-06-07 00:00:00,1197.26
2005-06-08 00:00:00,1194.6700000000001
2005-06-09 00:00:00,1200.9300000000001
2005-06-10 00:00:00,1198.1099999999999
2005-06-13 00:00:00,1200.8199999999999
2005-06-14 00:00:00,1203.9100000000001
2005-06-15 00:00:00,1206.5799999999999
2005-06-16 00:00:00,1210.96
2005-06-17 00:00:00,1216.96
2005-06-20 00:00:00,1216.0999999999999
2005-06-21 00:00:00,1213.6099999999999
2005-06-22 00:00:00,1213.8800000000001
2005-06-23 00:00:00,1200.73
2005-06-24 00:00:00,1191.5699999999999
2005-06-27 00:00:00,1190.6900000000001
2005-06-28 00:00:00,1201.5699999999999
2005-06-29 00:00:00,1199.8499999999999
2005-06-30 00:00:00,1191.3299999999999
2005-07-01 00:00:00,1194.4400000000001
2005-07-05 00:00:00,1204.99
2005-07-06 00:00:00,1194.9400000000001
2005-07-07 00:00:00,1197.8699999999999
2005-07-08 00:00:00,1211.8599999999999
2005-07-11 00:00:00,1219.4400000000001
2005-07-12 00:00:00,1222.21
2005-07-13 00:00:00,1223.29
2005-07-14 00:00:00,1226.5
2005-07-15 00:00:00,1227.9200000000001
2005-07-18 00:00:00,1221.1300000000001
2005-07-19 00:00:00,1229.3499999999999
2005-07-20 00:00:00,1235.2
2005-07-21 00:00:00,1227.04
2005-07-22 00:00:00,1233.6800000000001
2005-07-25 00:00:00,1229.03
2005-07-26 00:00:00,1231.1600000000001
2005-07-27 00:00:00,1236.79
2005-07-28 00:00:00,1243.72
2005-07-29 00:00:00,1234.1800000000001
2005-08-01 00:00:00,1235.3499999999999
2005-08-02 00:00:00,1244.1199999999999
2005-08-03 00:00:00,1245.04
2005-08-04 00:00:00,1235.8599999999999
2005-08-05 00:00:00,1226.4200000000001
2005-08-08 00:00:00,1223.1300000000001
2005-08-09 00:00:00,1231.3800000000001
2005-08-10 00:00:00,1229.1300000000001
2005-08-11 00:00:00,1237.8099999999999
2005-08-12 00:00:00,1230.3900000000001
2005-08-15 00:00:00,1233.8699999999999
2005-08-16 00:00:00,1219.3399999999999
2005-08-17 00:00:00,1220.24
2005-08-18 00:00:00,1219.02
2005-08-19 00:00:00,1219.71
2005-08-22 00:00:00,1221.73
2005-08-23 00:00:00,1217.5899999999999
2005-08-24 00:00:00,1209.5899999999999
2005-08-25 00:00:00,1212.3699999999999
2005-08-26 00:00:00,1205.0999999999999
2005-08-29 00:00:00,1212.28
2005-08-30 00:00:00,1208.4100000000001
2005-08-31 00:00:00,1220.3299999999999
2005-09-01 00:00:00,1221.5899999999999
2005-09-02 00:00:00,1218.02
2005-09-06 00:00:00,1233.3900000000001
2005-09-07 00:00:00,1236.3599999999999
2005-09-08 00:00:00,1231.6700000000001
2005-09-09 00:00:00,1241.48
2005-09-12 00:00:00,1240.5599999999999
2005-09-13 00:00:00,1231.2
2005-09-14 00:00:00,1227.1600000000001
2005-09-15 00:00:00,1227.73
2005-09-16 00:00:00,1237.9100000000001
2005-09-19 00:00:00,1231.02
2005-09-20 00:00:00,1221.3399999999999
2005-09-21 00:00:00,1210.2
2005-09-22 00:00:00,1214.6199999999999
2005-09-23 00:00:00,1215.29
2005-09-26 00:00:00,1215.6300000000001
2005-09-27 00:00:00,1215.6600000000001
2005-09-28 00:00:00,1216.8900000000001
2005-09-29 00:00:00,1227.6800000000001
2005-09-30 00:00:00,1228.8099999999999
2005-10-03 00:00:00,1226.7
2005-10-04 00:00:00,1214.47
2005-10-05 00:00:00,1196.3900000000001
2005-10-06 00:00:00,1191.49
2005-10-07 00:00:00,1195.9000000000001
2005-10-10 00:00:00,1187.3299999999999
2005-10-11 00:00:00,1184.8699999999999
2005-10-12 00:00:00,1177.6800000000001
2005-10-13 00:00:00,1176.8399999999999
2005-10-14 00:00:00,1186.5699999999999
2005-10-17 00:00:00,1190.0999999999999
2005-10-18 00:00:00,1178.1400000000001
2005-10-19 00:00:00,1195.76
2005-10-20 00:00:00,1177.8
2005-10-21 00:00:00,1179.5899999999999
2005-10-24 00:00:00,1199.3800000000001
2005-10-25 00:00:00,1196.54
2005-10-26 00:00:00,1191.3800000000001
2005-10-27 00:00:00,1178.9000000000001
2005-10-28 00:00:00,1198.4100000000001
2005-10-31 00:00:00,1207.01
2005-11-01 00:00:00,1202.76
2005-11-02 00:00:00,1214.76
2005-11-03 00:00:00,1219.9400000000001
2005-11-04 00:00:00,1220.1400000000001
2005-11-07 00:00:00,1222.8099999999999
2005-11-08 00:00:00,1218.5899999999999
2005-11-09 00:00:00,1220.6500000000001
2005-11-10 00:00:00,1230.96
2005-11-11 00:00:00,1234.72
2005-11-14 00:00:00,1233.76
2005-11-15 00:00:00,1229.01
2005-11-16 00:00:00,1231.21
2005-11-17 00:00:00,1242.8
2005-11-18 00:00:00,1248.27
2005-11-21 00:00:00,1254.8499999999999
2005-11-22 00:00:00,1261.23
2005-11-23 00:00:00,1265.6099999999999
2005-11-25 00:00:00,1268.25
2005-11-28 00:00:00,1257.46
2005-11-29 00:00:00,1257.48
2005-11-30 00:00:00,1249.48
2005-12-01 00:00:00,1264.6700000000001
2005-12-02 00:00:00,1265.0799999999999
2005-12-05 00:00:00,1262.0899999999999
2005-12-06 00:00:00,1263.7
2005-12-07 00:00:00,1257.3699999999999
2005-12-08 00:00:00,1255.8399999999999
2005-12-09 00:00:00,1259.3699999999999
2005-12-12 00:00:00,1260.4300000000001
2005-12-13 00:00:00,1267.4300000000001
2005-12-14 00:00:00,1272.74
2005-12-15 00:00:00,1270.9400000000001
2005-12-16 00:00:00,1267.3199999999999
2005-12-19 00:00:00,1259.9200000000001
2005-12-20 00:00:00,1259.6199999999999
2005-12-21 00:00:00,1262.79
2005-12-22 00:00:00,1268.1199999999999
2005-12-23 00:00:00,1268.6600000000001
2005-12-27 00:00:00,1256.54
2005-12-28 00:00:00,1258.1700000000001
2005-12-29 00:00:00,1254.4200000000001
2005-12-30 00:00:00,1248.29
2006-01-03 00:00:00,1268.8
2006-01-04 00:00:00,1273.46
2006-01-05 00:00:00,1273.48
2006-01-06 00:00:00,1285.45
2006-01-09 00:00:00,1290.1500000000001
2006-01-10 00:00:00,1289.6900000000001
2006-01-11 00:00:00,1294.1800000000001
2006-01-12 00:00:00,1286.0599999999999
2006-01-13 00:00:00,1287.6099999999999
2006-01-17 00:00:00,1283.03
2006-01-18 00:00:00,1277.9300000000001
2006-01-19 00:00:00,1285.04
2006-01-20 00:00:00,1261.49
2006-01-23 00:00:00,1263.8199999999999
2006-01-24 00:00:00,1266.8599999999999
2006-01-25 00:00:00,1264.6800000000001
2006-01-26 00:00:00,1273.8299999999999
2006-01-27 00:00:00,1283.72
2006-01-30 00:00:00,1285.1900000000001
2006-01-31 00:00:00,1280.0799999999999
2006-02-01 00:00:00,1282.46
2006-02-02 00:00:00,1270.8399999999999
2006-02-03 00:00:00,1264.03
2006-02-06 00:00:00,1265.02
2006-02-07 00:00:00,1254.78
2006-02-08 00:00:00,1265.6500000000001
2006-02-09 00:00:00,1263.78
2006-02-10 00:00:00,1266.99
2006-02-13 00:00:00,1262.8599999999999
2006-02-14 00:00:00,1275.53
2006-02-15 00:00:00,1280.0
2006-02-16 00:00:00,1289.3800000000001
2006-02-17 00:00:00,1287.24
2006-02-21 00:00:00,1283.03
2006-02-22 00:00:00,1292.6700000000001
2006-02-23 00:00:00,1287.79
2006-02-24 00:00:00,1289.4300000000001
2006-02-27 00:00:00,1294.1199999999999
2006-02-28 00:00:00,1280.6600000000001
2006-03-01 00:00:00,1291.24
2006-03-02 00:00:00,1289.1400000000001
2006-03-03 00:00:00,1287.23
2006-03-06 00:00:00,1278.26
2006-03-07 00:00:00,1275.8800000000001
2006-03-08 00:00:00,1278.47
2006-03-09 00:00:00,1272.23
2006-03-10 00:00:00,1281.4200000000001
2006-03-13 00:00:00,1284.1300000000001
2006-03-14 00:00:00,1297.48
2006-03-15 00:00:00,1303.02
2006-03-16 00:00:00,1305.3299999999999
2006-03-17 00:00:00,1307.25
2006-03-20 00:00:00,1305.0799999999999
2006-03-21 00:00:00,1297.23
2006-03-22 00:00:00,1305.04
2006-03-23 00:00:00,1301.6700000000001
2006-03-24 00:00:00,1302.95
2006-03-27 00:00:00,1301.6099999999999
2006-03-28 00:00:00,1293.23
2006-03-29 00:00:00,1302.8900000000001
2006-03-30 00:00:00,1300.25
2006-03-31 00:00:00,1294.8699999999999
2006-04-03 00:00:00,1297.8099999999999
2006-04-04 00:00:00,1305.9300000000001
2006-04-05 00:00:00,1311.5599999999999
2006-04-06 00:00:00,1309.04
2006-04-07 00:00:00,1295.5
2006-04-10 00:00:00,1296.6199999999999
2006-04-11 00:00:00,1286.5699999999999
2006-04-12 00:00:00,1288.1199999999999
2006-04-13 00:00:00,1289.1199999999999
2006-04-17 00:00:00,1285.3299999999999
2006-04-18 00:00:00,1307.28
2006-04-19 00:00:00,1309.9300000000001
2006-04-20 00:00:00,1311.46
2006-04-21 00:00:00,1311.28
2006-04-24 00:00:00,1308.1099999999999
2006-04-25 00:00:00,1301.74
2006-04-26 00:00:00,1305.4100000000001
2006-04-27 00:00:00,1309.72
2006-04-28 00:00:00,1310.6099999999999
2006-05-01 00:00:00,1305.1900000000001
2006-05-02 00:00:00,1313.21
2006-05-03 00:00:00,1308.1199999999999
2006-05-04 00:00:00,1312.25
2006-05-05 00:00:00,1325.76
2006-05-08 00:00:00,1324.6600000000001
2006-05-09 00:00:00,1325.1400000000001
2006-05-10 00:00:00,1322.8499999999999
2006-05-11 00:00:00,1305.9200000000001
2006-05-12 00:00:00,1291.24
2006-05-15 00:00:00,1294.5
2006-05-16 00:00:00,1292.0799999999999
2006-05-17 00:00:00,1270.3199999999999
2006-05-18 00:00:00,1261.8099999999999
2006-05-19 00:00:00,1267.03
2006-05-22 00:00:00,1262.0699999999999
2006-05-23 00:00:00,1256.5799999999999
2006-05-24 00:00:00,1258.5699999999999
2006-05-25 00:00:00,1272.8800000000001
2006-05-26 00:00:00,1280.1600000000001
2006-05-30 00:00:00,1259.8699999999999
2006-05-31 00:00:00,1270.0899999999999
2006-06-01 00:00:00,1285.71
2006-06-02 00:00:00,1288.22
2006-06-05 00:00:00,1265.29
2006-06-06 00:00:00,1263.8499999999999
2006-06-07 00:00:00,1256.1500000000001
2006-06-08 00:00:00,1257.9300000000001
2006-06-09 00:00:00,1252.3
2006-06-12 00:00:00,1237.4400000000001
2006-06-13 00:00:00,1223.6900000000001
2006-06-14 00:00:00,1230.04
2006-06-15 00:00:00,1256.1600000000001
2006-06-16 00:00:00,1251.54
2006-06-19 00:00:00,1240.1300000000001
2006-06-20 00:00:00,1240.1199999999999
2006-06-21 00:00:00,1252.2
2006-06-22 00:00:00,1245.5999999999999
2006-06-23 00:00:00,1244.5
2006-06-26 00:00:00,1250.5599999999999
2006-06-27 00:00:00,1239.2
2006-06-28 00:00:00,1246.0
2006-06-29 00:00:00,1272.8699999999999
2006-06-30 00:00:00,1270.2
2006-07-03 00:00:00,1280.1900000000001
2006-07-05 00:00:00,1270.9100000000001
2006-07-06 00:00:00,1274.0799999999999
2006-07-07 00:00:00,1265.48
2006-07-10 00:00:00,1267.3399999999999
2006-07-11 00:00:00,1272.4300000000001
2006-07-12 00:00:00,1258.5999999999999
2006-07-13 00:00:00,1242.28
2006-07-14 00:00:00,1236.2
2006-07-17 00:00:00,1234.49
2006-07-18 00:00:00,1236.8599999999999
2006-07-19 00:00:00,1259.8099999999999
2006-07-20 00:00:00,1249.1300000000001
2006-07-21 00:00:00,1240.29
2006-07-24 00:00:00,1260.9100000000001
2006-07-25 00:00:00,1268.8800000000001
2006-07-26 00:00:00,1268.4000000000001
2006-07-27 00:00:00,1263.2
2006-07-28 00:00:00,1278.55
2006-07-31 00:00:00,1276.6600000000001
2006-08-01 00:00:00,1270.9200000000001
2006-08-02 00:00:00,1277.4100000000001
2006-08-03 00:00:00,1280.27
2006-08-04 00:00:00,1279.3599999999999
2006-08-07 00:00:00,1275.77
2006-08-08 00:00:00,1271.48
2006-08-09 00:00:00,1265.95
2006-08-10 00:00:00,1271.8099999999999
2006-08-11 00:00:00,1266.74
2006-08-14 00:00:00,1268.21
2006-08-15 00:00:00,1285.5799999999999
2006-08-16 00:00:00,1295.4300000000001
2006-08-17 00:00:00,1297.48
2006-08-18 00:00:00,1302.3
2006-08-21 00:00:00,1297.52
2006-08-22 00:00:00,1298.8199999999999
2006-08-23 00:00:00,1292.99
2006-08-24 00:00:00,1296.0599999999999
2006-08-25 00:00:00,1295.0899999999999
2006-08-28 00:00:00,1301.78
2006-08-29 00:00:00,1304.28
2006-08-30 00:00:00,1305.3699999999999
2006-08-31 00:00:00,1303.8199999999999
2006-09-01 00:00:00,1311.01
2006-09-05 00:00:00,1313.25
2006-09-06 00:00:00,1300.26
2006-09-07 00:00:00,1294.02
2006-09-08 00:00:00,1298.9200000000001
2006-09-11 00:00:00,1299.54
2006-09-12 00:00:00,1313.0
2006-09-13 00:00:00,1318.0699999999999
2006-09-14 00:00:00,1316.28
2006-09-15 00:00:00,1319.6600000000001
2006-09-18 00:00:00,1321.1800000000001
2006-09-19 00:00:00,1317.6400000000001
2006-09-20 00:00:00,1325.1800000000001
2006-09-21 00:00:00,1318.03
2006-09-22 00:00:00,1314.78
2006-09-25 00:00:00,1326.3699999999999
2006-09-26 00:00:00,1336.3499999999999
2006-09-27 00:00:00,1336.5899999999999
2006-09-28 00:00:00,1338.8800000000001
2006-09-29 00:00:00,1335.8499999999999
2006-10-02 00:00:00,1331.3199999999999
2006-10-03 00:00:00,1334.1099999999999
2006-10-04 00:00:00,1350.2
2006-10-05 00:00:00,1353.22
2006-10-06 00:00:00,1349.5899999999999
2006-10-09 00:00:00,1350.6600000000001
2006-10-10 00:00:00,1353.4200000000001
2006-10-11 00:00:00,1349.95
2006-10-12 00:00:00,1362.8299999999999
2006-10-13 00:00:00,1365.6199999999999
2006-10-16 00:00:00,1369.0599999999999
2006-10-17 00:00:00,1364.05
2006-10-18 00:00:00,1365.8
2006-10-19 00:00:00,1366.96
2006-10-20 00:00:00,1368.5999999999999
2006-10-23 00:00:00,1377.02
2006-10-24 00:00:00,1377.3800000000001
2006-10-25 00:00:00,1382.22
2006-10-26 00:00:00,1389.0799999999999
2006-10-27 00:00:00,1377.3399999999999
2006-10-30 00:00:00,1377.9300000000001
2006-10-31 00:00:00,1377.9400000000001
2006-11-01 00:00:00,1367.8099999999999
2006-11-02 00:00:00,1367.3399999999999
2006-11-03 00:00:00,1364.3
2006-11-06 00:00:00,1379.78
2006-11-07 00:00:00,1382.8399999999999
2006-11-08 00:00:00,1385.72
2006-11-09 00:00:00,1378.3299999999999
2006-11-10 00:00:00,1380.9000000000001
2006-11-13 00:00:00,1384.4200000000001
2006-11-14 00:00:00,1393.22
2006-11-15 00:00:00,1396.5699999999999
2006-11-16 00:00:00,1399.76
2006-11-17 00:00:00,1401.2
2006-11-20 00:00:00,1400.5
2006-11-21 00:00:00,1402.8099999999999
2006-11-22 00:00:00,1406.0899999999999
2006-11-24 00:00:00,1400.95
2006-11-27 00:00:00,1381.96
2006-11-28 00:00:00,1386.72
2006-11-29 00:00:00,1399.48
2006-11-30 00:00:00,1400.6300000000001
2006-12-01 00:00:00,1396.71
2006-12-04 00:00:00,1409.1199999999999
2006-12-05 00:00:00,1414.76
2006-12-06 00:00:00,1412.9000000000001
2006-12-07 00:00:00,1407.29
2006-12-08 00:00:00,1409.8399999999999
2006-12-11 00:00:00,1413.04
2006-12-12 00:00:00,1411.5599999999999
2006-12-13 00:00:00,1413.21
2006-12-14 00:00:00,1425.49
2006-12-15 00:00:00,1427.0899999999999
2006-12-18 00:00:00,1422.48
2006-12-19 00:00:00,1425.55
2006-12-20 00:00:00,1423.53
2006-12-21 00:00:00,1418.3
2006-12-22 00:00:00,1410.76
2006-12-26 00:00:00,1416.9000000000001
2006-12-27 00:00:00,1426.8399999999999
2006-12-28 00:00:00,1424.73
2006-12-29 00:00:00,1418.3
2007-01-03 00:00:00,1416.5999999999999
2007-01-04 00:00:00,1418.3399999999999
2007-01-05 00:00:00,1409.71
2007-01-08 00:00:00,1412.8399999999999
2007-01-09 00:00:00,1412.1099999999999
2007-01-10 00:00:00,1414.8499999999999
2007-01-11 00:00:00,1423.8199999999999
2007-01-12 00:00:00,1430.73
2007-01-16 00:00:00,1431.9000000000001
2007-01-17 00:00:00,1430.6199999999999
2007-01-18 00:00:00,1426.3699999999999
2007-01-19 00:00:00,1430.5
2007-01-22 00:00:00,1422.95
2007-01-23 00:00:00,1427.99
2007-01-24 00:00:00,1440.1300000000001
2007-01-25 00:00:00,1423.9000000000001
2007-01-26 00:00:00,1422.1800000000001
2007-01-29 00:00:00,1420.6199999999999
2007-01-30 00:00:00,1428.8199999999999
2007-01-31 00:00:00,1438.24
2007-02-01 00:00:00,1445.9400000000001
2007-02-02 00:00:00,1448.3900000000001
2007-02-05 00:00:00,1446.99
2007-02-06 00:00:00,1448.0
2007-02-07 00:00:00,1450.02
2007-02-08 00:00:00,1448.3099999999999
2007-02-09 00:00:00,1438.0599999999999
2007-02-12 00:00:00,1433.3699999999999
2007-02-13 00:00:00,1444.26
2007-02-14 00:00:00,1455.3
2007-02-15 00:00:00,1456.8099999999999
2007-02-16 00:00:00,1455.54
2007-02-20 00:00:00,1459.6800000000001
2007-02-21 00:00:00,1457.6300000000001
2007-02-22 00:00:00,1456.3800000000001
2007-02-23 00:00:00,1451.1900000000001
2007-02-26 00:00:00,1449.3699999999999
2007-02-27 00:00:00,1399.04
2007-02-28 00:00:00,1406.8199999999999
2007-03-01 00:00:00,1403.1700000000001
2007-03-02 00:00:00,1387.1700000000001
2007-03-05 00:00:00,1374.1199999999999
2007-03-06 00:00:00,1395.4100000000001
2007-03-07 00:00:00,1391.97
2007-03-08 00:00:00,1401.8900000000001
2007-03-09 00:00:00,1402.8399999999999
2007-03-12 00:00:00,1406.5999999999999
2007-03-13 00:00:00,1377.95
2007-03-14 00:00:00,1387.1700000000001
2007-03-15 00:00:00,1392.28
2007-03-16 00:00:00,1386.95
2007-03-19 00:00:00,1402.0599999999999
2007-03-20 00:00:00,1410.9400000000001
2007-03-21 00:00:00,1435.04
2007-03-22 00:00:00,1434.54
2007-03-23 00:00:00,1436.1099999999999
2007-03-26 00:00:00,1437.5
2007-03-27 00:00:00,1428.6099999999999
2007-03-28 00:00:00,1417.23
2007-03-29 00:00:00,1422.53
2007-03-30 00:00:00,1420.8599999999999
2007-04-02 00:00:00,1424.55
2007-04-03 00:00:00,1437.77
2007-04-04 00:00:00,1439.3699999999999
2007-04-05 00:00:00,1443.76
2007-04-09 00:00:00,1444.6099999999999
2007-04-10 00:00:00,1448.3900000000001
2007-04-11 00:00:00,1438.8699999999999
2007-04-12 00:00:00,1447.8
2007-04-13 00:00:00,1452.8499999999999
2007-04-16 00:00:00,1468.3299999999999
2007-04-17 00:00:00,1471.48
2007-04-18 00:00:00,1472.5
2007-04-19 00:00:00,1470.73
2007-04-20 00:00:00,1484.3499999999999
2007-04-23 00:00:00,1480.9300000000001
2007-04-24 00:00:00,1480.4100000000001
2007-04-25 00:00:00,1495.4200000000001
2007-04-26 00:00:00,1494.25
2007-04-27 00:00:00,1494.0699999999999
2007-04-30 00:00:00,1482.3699999999999
2007-05-01 00:00:00,1486.3
2007-05-02 00:00:00,1495.9200000000001
2007-05-03 00:00:00,1502.3900000000001
2007-05-04 00:00:00,1505.6199999999999
2007-05-07 00:00:00,1509.48
2007-05-08 00:00:00,1507.72
2007-05-09 00:00:00,1512.5799999999999
2007-05-10 00:00:00,1491.47
2007-05-11 00:00:00,1505.8499999999999
2007-05-14 00:00:00,1503.1500000000001
2007-05-15 00:00:00,1501.1900000000001
2007-05-16 00:00:00,1514.1400000000001
2007-05-17 00:00:00,1512.75
2007-05-18 00:00:00,1522.75
2007-05-21 00:00:00,1525.0999999999999
2007-05-22 00:00:00,1524.1199999999999
2007-05-23 00:00:00,1522.28
2007-05-24 00:00:00,1507.51
2007-05-25 00:00:00,1515.73
2007-05-29 00:00:00,1518.1099999999999
2007-05-30 00:00:00,1530.23
2007-05-31 00:00:00,1530.6199999999999
2007-06-01 00:00:00,1536.3399999999999
2007-06-04 00:00:00,1539.1800000000001
2007-06-05 00:00:00,1530.95
2007-06-06 00:00:00,1517.3800000000001
2007-06-07 00:00:00,1490.72
2007-06-08 00:00:00,1507.6700000000001
2007-06-11 00:00:00,1509.1199999999999
2007-06-12 00:00:00,1493.0
2007-06-13 00:00:00,1515.6700000000001
2007-06-14 00:00:00,1522.97
2007-06-15 00:00:00,1532.9100000000001
2007-06-18 00:00:00,1531.05
2007-06-19 00:00:00,1533.7
2007-06-20 00:00:00,1512.8399999999999
2007-06-21 00:00:00,1522.1900000000001
2007-06-22 00:00:00,1502.5599999999999
2007-06-25 00:00:00,1497.74
2007-06-26 00:00:00,1492.8900000000001
2007-06-27 00:00:00,1506.3399999999999
2007-06-28 00:00:00,1505.71
2007-06-29 00:00:00,1503.3499999999999
2007-07-02 00:00:00,1519.4300000000001
2007-07-03 00:00:00,1524.8699999999999
2007-07-05 00:00:00,1525.4000000000001
2007-07-06 00:00:00,1530.4400000000001
2007-07-09 00:00:00,1531.8499999999999
2007-07-10 00:00:00,1510.1199999999999
2007-07-11 00:00:00,1518.76
2007-07-12 00:00:00,1547.7
2007-07-13 00:00:00,1552.5
2007-07-16 00:00:00,1549.52
2007-07-17 00:00:00,1549.3699999999999
2007-07-18 00:00:00,1546.1700000000001
2007-07-19 00:00:00,1553.0799999999999
2007-07-20 00:00:00,1534.0999999999999
2007-07-23 00:00:00,1541.5699999999999
2007-07-24 00:00:00,1511.04
2007-07-25 00:00:00,1518.0899999999999
2007-07-26 00:00:00,1482.6600000000001
2007-07-27 00:00:00,1458.95
2007-07-30 00:00:00,1473.9100000000001
2007-07-31 00:00:00,1455.27
2007-08-01 00:00:00,1465.8099999999999
2007-08-02 00:00:00,1472.2
2007-08-03 00:00:00,1433.0599999999999
2007-08-06 00:00:00,1467.6700000000001
2007-08-07 00:00:00,1476.71
2007-08-08 00:00:00,1497.49
2007-08-09 00:00:00,1453.0899999999999
2007-08-10 00:00:00,1453.6400000000001
2007-08-13 00:00:00,1452.9200000000001
2007-08-14 00:00:00,1426.54
2007-08-15 00:00:00,1406.7
2007-08-16 00:00:00,1411.27
2007-08-17 00:00:00,1445.9400000000001
2007-08-20 00:00:00,1445.55
2007-08-21 00:00:00,1447.1199999999999
2007-08-22 00:00:00,1464.0699999999999
2007-08-23 00:00:00,1462.5
2007-08-24 00:00:00,1479.3699999999999
2007-08-27 00:00:00,1466.79
2007-08-28 00:00:00,1432.3599999999999
2007-08-29 00:00:00,1463.76
2007-08-30 00:00:00,1457.6400000000001
2007-08-31 00:00:00,1473.99
2007-09-04 00:00:00,1489.4200000000001
2007-09-05 00:00:00,1472.29
2007-09-06 00:00:00,1478.55
2007-09-07 00:00:00,1453.55
2007-09-10 00:00:00,1451.7
2007-09-11 00:00:00,1471.49
2007-09-12 00:00:00,1471.5599999999999
2007-09-13 00:00:00,1483.95
2007-09-14 00:00:00,1484.25
2007-09-17 00:00:00,1476.6500000000001
2007-09-18 00:00:00,1519.78
2007-09-19 00:00:00,1529.03
2007-09-20 00:00:00,1518.75
2007-09-21 00:00:00,1525.75
2007-09-24 00:00:00,1517.73
2007-09-25 00:00:00,1517.21
2007-09-26 00:00:00,1525.4200000000001
2007-09-27 00:00:00,1531.3800000000001
2007-09-28 00:00:00,1526.75
2007-10-01 00:00:00,1547.04
2007-10-02 00:00:00,1546.6300000000001
2007-10-03 00:00:00,1539.5899999999999
2007-10-04 00:00:00,1542.8399999999999
2007-10-05 00:00:00,1557.5899999999999
2007-10-08 00:00:00,1552.5799999999999
2007-10-09 00:00:00,1565.1500000000001
2007-10-10 00:00:00,1562.47
2007-10-11 00:00:00,1554.4100000000001
2007-10-12 00:00:00,1561.8
2007-10-15 00:00:00,1548.71
2007-10-16 00:00:00,1538.53
2007-10-17 00:00:00,1541.24
2007-10-18 00:00:00,1540.0799999999999
2007-10-19 00:00:00,1500.6300000000001
2007-10-22 00:00:00,1506.3299999999999
2007-10-23 00:00:00,1519.5899999999999
2007-10-24 00:00:00,1515.8800000000001
2007-10-25 00:00:00,1514.4000000000001
2007-10-26 00:00:00,1535.28
2007-10-29 00:00:00,1540.98
2007-10-30 00:00:00,1531.02
2007-10-31 00:00:00,1549.3800000000001
2007-11-01 00:00:00,1508.4400000000001
2007-11-02 00:00:00,1509.6500000000001
2007-11-05 00:00:00,1502.1700000000001
2007-11-06 00:00:00,1520.27
2007-11-07 00:00:00,1475.6199999999999
2007-11-08 00:00:00,1474.77
2007-11-09 00:00:00,1453.7
2007-11-12 00:00:00,1439.1800000000001
2007-11-13 00:00:00,1481.05
2007-11-14 00:00:00,1470.5799999999999
2007-11-15 00:00:00,1451.1500000000001
2007-11-16 00:00:00,1458.74
2007-11-19 00:00:00,1433.27
2007-11-20 00:00:00,1439.7
2007-11-21 00:00:00,1416.77
2007-11-23 00:00:00,1440.7
2007-11-26 00:00:00,1407.22
2007-11-27 00:00:00,1428.23
2007-11-28 00:00:00,1469.02
2007-11-29 00:00:00,1469.72
2007-11-30 00:00:00,1481.1400000000001
2007-12-03 00:00:00,1472.4200000000001
2007-12-04 00:00:00,1462.79
2007-12-05 00:00:00,1485.01
2007-12-06 00:00:00,1507.3399999999999
2007-12-07 00:00:00,1504.6600000000001
2007-12-10 00:00:00,1515.96
2007-12-11 00:00:00,1477.6500000000001
2007-12-12 00:00:00,1486.5899999999999
2007-12-13 00:00:00,1488.4100000000001
2007-12-14 00:00:00,1467.95
2007-12-17 00:00:00,1445.9000000000001
2007-12-18 00:00:00,1454.98
2007-12-19 00:00:00,1453.0
2007-12-20 00:00:00,1460.1199999999999
2007-12-21 00:00:00,1484.46
2007-12-24 00:00:00,1496.45
2007-12-26 00:00:00,1497.6600000000001
2007-12-27 00:00:00,1476.27
2007-12-28 00:00:00,1478.49
2007-12-31 00:00:00,1468.3599999999999
2008-01-02 00:00:00,1447.1600000000001
2008-01-03 00:00:00,1447.1600000000001
2008-01-04 00:00:00,1411.6300000000001
2008-01-07 00:00:00,1416.1800000000001
2008-01-08 00:00:00,1390.1900000000001
2008-01-09 00:00:00,1409.1300000000001
2008-01-10 00:00:00,1420.3299999999999
2008-01-11 00:00:00,1401.02
2008-01-14 00:00:00,1416.25
2008-01-15 00:00:00,1380.95
2008-01-16 00:00:00,1373.2
2008-01-17 00:00:00,1333.25
2008-01-18 00:00:00,1325.1900000000001
2008-01-22 00:00:00,1310.5
2008-01-23 00:00:00,1338.5999999999999
2008-01-24 00:00:00,1352.0699999999999
2008-01-25 00:00:00,1330.6099999999999
2008-01-28 00:00:00,1353.96
2008-01-29 00:00:00,1362.3
2008-01-30 00:00:00,1355.8099999999999
2008-01-31 00:00:00,1378.55
2008-02-01 00:00:00,1395.4200000000001
2008-02-04 00:00:00,1380.8199999999999
2008-02-05 00:00:00,1336.6400000000001
2008-02-06 00:00:00,1326.45
2008-02-07 00:00:00,1336.9100000000001
2008-02-08 00:00:00,1331.29
2008-02-11 00:00:00,1339.1300000000001
2008-02-12 00:00:00,1348.8599999999999
2008-02-13 00:00:00,1367.21
2008-02-14 00:00:00,1348.8599999999999
2008-02-15 00:00:00,1349.99
2008-02-19 00:00:00,1348.78
2008-02-20 00:00:00,1360.03
2008-02-21 00:00:00,1342.53
2008-02-22 00:00:00,1353.1099999999999
2008-02-25 00:00:00,1371.8
2008-02-26 00:00:00,1381.29
2008-02-27 00:00:00,1380.02
2008-02-28 00:00:00,1367.6800000000001
2008-02-29 00:00:00,1330.6300000000001
2008-03-03 00:00:00,1331.3399999999999
2008-03-04 00:00:00,1326.75
2008-03-05 00:00:00,1333.7
2008-03-06 00:00:00,1304.3399999999999
2008-03-07 00:00:00,1293.3699999999999
2008-03-10 00:00:00,1273.3699999999999
2008-03-11 00:00:00,1320.6500000000001
2008-03-12 00:00:00,1308.77
2008-03-13 00:00:00,1315.48
2008-03-14 00:00:00,1288.1400000000001
2008-03-17 00:00:00,1276.5999999999999
2008-03-18 00:00:00,1330.74
2008-03-19 00:00:00,1298.4200000000001
2008-03-20 00:00:00,1329.51
2008-03-24 00:00:00,1349.8800000000001
2008-03-25 00:00:00,1352.99
2008-03-26 00:00:00,1341.1300000000001
2008-03-27 00:00:00,1325.76
2008-03-28 00:00:00,1315.22
2008-03-31 00:00:00,1322.7
2008-04-01 00:00:00,1370.1800000000001
2008-04-02 00:00:00,1367.53
2008-04-03 00:00:00,1369.3099999999999
2008-04-04 00:00:00,1370.4000000000001
2008-04-07 00:00:00,1372.54
2008-04-08 00:00:00,1365.54
2008-04-09 00:00:00,1354.49
2008-04-10 00:00:00,1360.55
2008-04-11 00:00:00,1332.8299999999999
2008-04-14 00:00:00,1328.3199999999999
2008-04-15 00:00:00,1334.4300000000001
2008-04-16 00:00:00,1364.71
2008-04-17 00:00:00,1365.5599999999999
2008-04-18 00:00:00,1390.3299999999999
2008-04-21 00:00:00,1388.1700000000001
2008-04-22 00:00:00,1375.9400000000001
2008-04-23 00:00:00,1379.9300000000001
2008-04-24 00:00:00,1388.8199999999999
2008-04-25 00:00:00,1397.8399999999999
2008-04-28 00:00:00,1396.3699999999999
2008-04-29 00:00:00,1390.9400000000001
2008-04-30 00:00:00,1385.5899999999999
2008-05-01 00:00:00,1409.3399999999999
2008-05-02 00:00:00,1413.9000000000001
2008-05-05 00:00:00,1407.49
2008-05-06 00:00:00,1418.26
2008-05-07 00:00:00,1392.5699999999999
2008-05-08 00:00:00,1397.6800000000001
2008-05-09 00:00:00,1388.28
2008-05-12 00:00:00,1403.5799999999999
2008-05-13 00:00:00,1403.04
2008-05-14 00:00:00,1408.6600000000001
2008-05-15 00:00:00,1423.5699999999999
2008-05-16 00:00:00,1425.3499999999999
2008-05-19 00:00:00,1426.6300000000001
2008-05-20 00:00:00,1413.4000000000001
2008-05-21 00:00:00,1390.71
2008-05-22 00:00:00,1394.3499999999999
2008-05-23 00:00:00,1375.9300000000001
2008-05-27 00:00:00,1385.3499999999999
2008-05-28 00:00:00,1390.8399999999999
2008-05-29 00:00:00,1398.26
2008-05-30 00:00:00,1400.3800000000001
2008-06-02 00:00:00,1385.6700000000001
2008-06-03 00:00:00,1377.6500000000001
2008-06-04 00:00:00,1377.2
2008-06-05 00:00:00,1404.05
2008-06-06 00:00:00,1360.6800000000001
2008-06-09 00:00:00,1361.76
2008-06-10 00:00:00,1358.4400000000001
2008-06-11 00:00:00,1335.49
2008-06-12 00:00:00,1339.8699999999999
2008-06-13 00:00:00,1360.03
2008-06-16 00:00:00,1360.1400000000001
2008-06-17 00:00:00,1350.9300000000001
2008-06-18 00:00:00,1337.8099999999999
2008-06-19 00:00:00,1342.8299999999999
2008-06-20 00:00:00,1317.9300000000001
2008-06-23 00:00:00,1318.0
2008-06-24 00:00:00,1314.29
2008-06-25 00:00:00,1321.97
2008-06-26 00:00:00,1283.1500000000001
2008-06-27 00:00:00,1278.3800000000001
2008-06-30 00:00:00,1280.0
2008-07-01 00:00:00,1284.9100000000001
2008-07-02 00:00:00,1261.52
2008-07-03 00:00:00,1262.9000000000001
2008-07-07 00:00:00,1252.3099999999999
2008-07-08 00:00:00,1273.7
2008-07-09 00:00:00,1244.6900000000001
2008-07-10 00:00:00,1253.3900000000001
2008-07-11 00:00:00,1239.49
2008-07-14 00:00:00,1228.3
2008-07-15 00:00:00,1214.9100000000001
2008-07-16 00:00:00,1245.3599999999999
2008-07-17 00:00:00,1260.3199999999999
2008-07-18 00:00:00,1260.6800000000001
2008-07-21 00:00:00,1260.0
2008-07-22 00:00:00,1277.0
2008-07-23 00:00:00,1282.1900000000001
2008-07-24 00:00:00,1252.54
2008-07-25 00:00:00,1257.76
2008-07-28 00:00:00,1234.3699999999999
2008-07-29 00:00:00,1263.2
2008-07-30 00:00:00,1284.26
2008-07-31 00:00:00,1267.3800000000001
2008-08-01 00:00:00,1260.3099999999999
2008-08-04 00:00:00,1249.01
2008-08-05 00:00:00,1284.8800000000001
2008-08-06 00:00:00,1289.1900000000001
2008-08-07 00:00:00,1266.0699999999999
2008-08-08 00:00:00,1296.3199999999999
2008-08-11 00:00:00,1305.3199999999999
2008-08-12 00:00:00,1289.5899999999999
2008-08-13 00:00:00,1285.8299999999999
2008-08-14 00:00:00,1292.9300000000001
2008-08-15 00:00:00,1298.2
2008-08-18 00:00:00,1278.5999999999999
2008-08-19 00:00:00,1266.6900000000001
2008-08-20 00:00:00,1274.54
2008-08-21 00:00:00,1277.72
2008-08-22 00:00:00,1292.2
2008-08-25 00:00:00,1266.8399999999999
2008-08-26 00:00:00,1271.51
2008-08-27 00:00:00,1281.6600000000001
2008-08-28 00:00:00,1300.6800000000001
2008-08-29 00:00:00,1282.8299999999999
2008-09-02 00:00:00,1277.5799999999999
2008-09-03 00:00:00,1274.98
2008-09-04 00:00:00,1236.8299999999999
2008-09-05 00:00:00,1242.3099999999999
2008-09-08 00:00:00,1267.79
2008-09-09 00:00:00,1224.51
2008-09-10 00:00:00,1232.04
2008-09-11 00:00:00,1249.05
2008-09-12 00:00:00,1251.7
2008-09-15 00:00:00,1192.7
2008-09-16 00:00:00,1213.5999999999999
2008-09-17 00:00:00,1156.3900000000001
2008-09-18 00:00:00,1206.51
2008-09-19 00:00:00,1255.0799999999999
2008-09-22 00:00:00,1207.0899999999999
2008-09-23 00:00:00,1188.22
2008-09-24 00:00:00,1185.8699999999999
2008-09-25 00:00:00,1209.1800000000001
2008-09-26 00:00:00,1213.27
2008-09-29 00:00:00,1106.4200000000001
2008-09-30 00:00:00,1166.3599999999999
2008-10-01 00:00:00,1161.0599999999999
2008-10-02 00:00:00,1114.28
2008-10-03 00:00:00,1099.23
2008-10-06 00:00:00,1056.8900000000001
2008-10-07 00:00:00,996.23000000000002
2008-10-08 00:00:00,984.94000000000005
2008-10-09 00:00:00,909.91999999999996
2008-10-10 00:00:00,899.22000000000003
2008-10-13 00:00:00,1003.35
2008-10-14 00:00:00,998.00999999999999
2008-10-15 00:00:00,907.84000000000003
2008-10-16 00:00:00,946.42999999999995
2008-10-17 00:00:00,940.54999999999995
2008-10-20 00:00:00,985.39999999999998
2008-10-21 00:00:00,955.04999999999995
2008-10-22 00:00:00,896.77999999999997
2008-10-23 00:00:00,908.11000000000001
2008-10-24 00:00:00,876.76999999999998
2008-10-27 00:00:00,848.91999999999996
2008-10-28 00:00:00,940.50999999999999
2008-10-29 00:00:00,930.09000000000003
2008-10-30 00:00:00,954.09000000000003
2008-10-31 00:00:00,968.75
2008-11-03 00:00:00,966.29999999999995
2008-11-04 00:00:00,1005.75
2008-11-05 00:00:00,952.76999999999998
2008-11-06 00:00:00,904.88
2008-11-07 00:00:00,930.99000000000001
2008-11-10 00:00:00,919.21000000000004
2008-11-11 00:00:00,898.95000000000005
2008-11-12 00:00:00,852.29999999999995
2008-11-13 00:00:00,911.28999999999996
2008-11-14 00:00:00,873.28999999999996
2008-11-17 00:00:00,850.75
2008-11-18 00:00:00,859.12
2008-11-19 00:00:00,806.58000000000004
2008-11-20 00:00:00,752.44000000000005
2008-11-21 00:00:00,800.02999999999997
2008-11-24 00:00:00,851.80999999999995
2008-11-25 00:00:00,857.38999999999999
2008-11-26 00:00:00,887.67999999999995
2008-11-28 00:00:00,896.24000000000001
2008-12-01 00:00:00,816.21000000000004
2008-12-02 00:00:00,848.80999999999995
2008-12-03 00:00:00,870.74000000000001
2008-12-04 00:00:00,845.22000000000003
2008-12-05 00:00:00,876.07000000000005
2008-12-08 00:00:00,909.70000000000005
2008-12-09 00:00:00,888.66999999999996
2008-12-10 00:00:00,899.24000000000001
2008-12-11 00:00:00,873.59000000000003
2008-12-12 00:00:00,879.73000000000002
2008-12-15 00:00:00,868.57000000000005
2008-12-16 00:00:00,913.17999999999995
2008-12-17 00:00:00,904.41999999999996
2008-12-18 00:00:00,885.27999999999997
2008-12-19 00:00:00,887.88
2008-12-22 00:00:00,871.63
2008-12-23 00:00:00,863.15999999999997
2008-12-24 00:00:00,868.14999999999998
2008-12-26 00:00:00,872.79999999999995
2008-12-29 00:00:00,869.41999999999996
2008-12-30 00:00:00,890.63999999999999
2008-12-31 00:00:00,903.25
2009-01-02 00:00:00,931.79999999999995
2009-01-05 00:00:00,927.45000000000005
2009-01-06 00:00:00,934.70000000000005
2009-01-07 00:00:00,906.64999999999998
2009-01-08 00:00:00,909.73000000000002
2009-01-09 00:00:00,890.35000000000002
2009-01-12 00:00:00,870.25999999999999
2009-01-13 00:00:00,871.78999999999996
2009-01-14 00:00:00,842.62
2009-01-15 00:00:00,843.74000000000001
2009-01-16 00:00:00,850.12
2009-01-20 00:00:00,805.22000000000003
2009-01-21 00:00:00,840.24000000000001
2009-01-22 00:00:00,827.5
2009-01-23 00:00:00,831.95000000000005
2009-01-26 00:00:00,836.57000000000005
2009-01-27 00:00:00,845.71000000000004
2009-01-28 00:00:00,874.09000000000003
2009-01-29 00:00:00,845.13999999999999
2009-01-30 00:00:00,825.88
2009-02-02 00:00:00,825.44000000000005
2009-02-03 00:00:00,838.50999999999999
2009-02-04 00:00:00,832.23000000000002
2009-02-05 00:00:00,845.85000000000002
2009-02-06 00:00:00,868.60000000000002
2009-02-09 00:00:00,869.88999999999999
2009-02-10 00:00:00,827.15999999999997
2009-02-11 00:00:00,833.74000000000001
2009-02-12 00:00:00,835.19000000000005
2009-02-13 00:00:00,826.84000000000003
2009-02-17 00:00:00,789.16999999999996
2009-02-18 00:00:00,788.41999999999996
2009-02-19 00:00:00,778.94000000000005
2009-02-20 00:00:00,770.04999999999995
2009-02-23 00:00:00,743.33000000000004
2009-02-24 00:00:00,773.13999999999999
2009-02-25 00:00:00,764.89999999999998
2009-02-26 00:00:00,752.83000000000004
2009-02-27 00:00:00,735.09000000000003
2009-03-02 00:00:00,700.82000000000005
2009-03-03 00:00:00,696.33000000000004
2009-03-04 00:00:00,712.87
2009-03-05 00:00:00,682.54999999999995
2009-03-06 00:00:00,683.38
2009-03-09 00:00:00,676.52999999999997
2009-03-10 00:00:00,719.60000000000002
2009-03-11 00:00:00,721.36000000000001
2009-03-12 00:00:00,750.74000000000001
2009-03-13 00:00:00,756.54999999999995
2009-03-16 00:00:00,753.88999999999999
2009-03-17 00:00:00,778.12
2009-03-18 00:00:00,794.35000000000002
2009-03-19 00:00:00,784.03999999999996
2009-03-20 00:00:00,768.53999999999996
2009-03-23 00:00:00,822.91999999999996
2009-03-24 00:00:00,806.12
2009-03-25 00:00:00,813.88
2009-03-26 00:00:00,832.86000000000001
2009-03-27 00:00:00,815.94000000000005
2009-03-30 00:00:00,787.52999999999997
2009-03-31 00:00:00,797.87
2009-04-01 00:00:00,811.08000000000004
2009-04-02 00:00:00,834.38
2009-04-03 00:00:00,842.5
2009-04-06 00:00:00,835.48000000000002
2009-04-07 00:00:00,815.54999999999995
2009-04-08 00:00:00,825.15999999999997
2009-04-09 00:00:00,856.55999999999995
2009-04-13 00:00:00,858.73000000000002
2009-04-14 00:00:00,841.5
2009-04-15 00:00:00,852.05999999999995
2009-04-16 00:00:00,865.29999999999995
2009-04-17 00:00:00,869.60000000000002
2009-04-20 00:00:00,832.38999999999999
2009-04-21 00:00:00,850.08000000000004
2009-04-22 00:00:00,843.54999999999995
2009-04-23 00:00:00,851.91999999999996
2009-04-24 00:00:00,866.23000000000002
2009-04-27 00:00:00,857.50999999999999
2009-04-28 00:00:00,855.15999999999997
2009-04-29 00:00:00,873.63999999999999
2009-04-30 00:00:00,872.80999999999995
2009-05-01 00:00:00,877.51999999999998
2009-05-04 00:00:00,907.24000000000001
2009-05-05 00:00:00,903.79999999999995
2009-05-06 00:00:00,919.52999999999997
2009-05-07 00:00:00,907.38999999999999
2009-05-08 00:00:00,929.23000000000002
2009-05-11 00:00:00,909.24000000000001
2009-05-12 00:00:00,908.35000000000002
2009-05-13 00:00:00,883.91999999999996
2009-05-14 00:00:00,893.07000000000005
2009-05-15 00:00:00,882.88
2009-05-18 00:00:00,909.71000000000004
2009-05-19 00:00:00,908.13
2009-05-20 00:00:00,903.47000000000003
2009-05-21 00:00:00,888.33000000000004
2009-05-22 00:00:00,887.0
2009-05-26 00:00:00,910.33000000000004
2009-05-27 00:00:00,893.05999999999995
2009-05-28 00:00:00,906.83000000000004
2009-05-29 00:00:00,919.13999999999999
2009-06-01 00:00:00,942.87
2009-06-02 00:00:00,944.74000000000001
2009-06-03 00:00:00,931.75999999999999
2009-06-04 00:00:00,942.46000000000004
2009-06-05 00:00:00,940.09000000000003
2009-06-08 00:00:00,939.13999999999999
2009-06-09 00:00:00,942.42999999999995
2009-06-10 00:00:00,939.14999999999998
2009-06-11 00:00:00,944.88999999999999
2009-06-12 00:00:00,946.21000000000004
2009-06-15 00:00:00,923.72000000000003
2009-06-16 00:00:00,911.97000000000003
2009-06-17 00:00:00,910.71000000000004
2009-06-18 00:00:00,918.37
2009-06-19 00:00:00,921.23000000000002
2009-06-22 00:00:00,893.03999999999996
2009-06-23 00:00:00,895.10000000000002
2009-06-24 00:00:00,900.94000000000005
2009-06-25 00:00:00,920.25999999999999
2009-06-26 00:00:00,918.89999999999998
2009-06-29 00:00:00,927.23000000000002
2009-06-30 00:00:00,919.32000000000005
2009-07-01 00:00:00,923.33000000000004
2009-07-02 00:00:00,896.41999999999996
2009-07-06 00:00:00,898.72000000000003
2009-07-07 00:00:00,881.02999999999997
2009-07-08 00:00:00,879.55999999999995
2009-07-09 00:00:00,882.67999999999995
2009-07-10 00:00:00,879.13
2009-07-13 00:00:00,901.04999999999995
2009-07-14 00:00:00,905.84000000000003
2009-07-15 00:00:00,932.67999999999995
2009-07-16 00:00:00,940.74000000000001
2009-07-17 00:00:00,940.38
2009-07-20 00:00:00,951.13
2009-07-21 00:00:00,954.58000000000004
2009-07-22 00:00:00,954.07000000000005
2009-07-23 00:00:00,976.28999999999996
2009-07-24 00:00:00,979.25999999999999
2009-07-27 00:00:00,982.17999999999995
2009-07-28 00:00:00,979.62
2009-07-29 00:00:00,975.14999999999998
2009-07-30 00:00:00,986.75
2009-07-31 00:00:00,987.48000000000002
2009-08-03 00:00:00,1002.63
2009-08-04 00:00:00,1005.65
2009-08-05 00:00:00,1002.72
2009-08-06 00:00:00,997.08000000000004
2009-08-07 00:00:00,1010.48
2009-08-10 00:00:00,1007.1
2009-08-11 00:00:00,994.35000000000002
2009-08-12 00:00:00,1005.8099999999999
2009-08-13 00:00:00,1012.73
2009-08-14 00:00:00,1004.09
2009-08-17 00:00:00,979.73000000000002
2009-08-18 00:00:00,989.66999999999996
2009-08-19 00:00:00,996.46000000000004
2009-08-20 00:00:00,1007.37
2009-08-21 00:00:00,1026.1300000000001
2009-08-24 00:00:00,1025.5699999999999
2009-08-25 00:00:00,1028.0
2009-08-26 00:00:00,1028.1199999999999
2009-08-27 00:00:00,1030.98
2009-08-28 00:00:00,1028.9300000000001
2009-08-31 00:00:00,1020.62
2009-09-01 00:00:00,998.03999999999996
2009-09-02 00:00:00,994.75
2009-09-03 00:00:00,1003.24
2009-09-04 00:00:00,1016.4
2009-09-08 00:00:00,1025.3900000000001
2009-09-09 00:00:00,1033.3699999999999
2009-09-10 00:00:00,1044.1400000000001
2009-09-11 00:00:00,1042.73
2009-09-14 00:00:00,1049.3399999999999
2009-09-15 00:00:00,1052.6300000000001
2009-09-16 00:00:00,1068.76
2009-09-17 00:00:00,1065.49
2009-09-18 00:00:00,1068.3
2009-09-21 00:00:00,1064.6600000000001
2009-09-22 00:00:00,1071.6600000000001
2009-09-23 00:00:00,1060.8699999999999
2009-09-24 00:00:00,1050.78
2009-09-25 00:00:00,1044.3800000000001
2009-09-28 00:00:00,1062.98
2009-09-29 00:00:00,1060.6099999999999
2009-09-30 00:00:00,1057.0799999999999
2009-10-01 00:00:00,1029.8499999999999
2009-10-02 00:00:00,1025.21
2009-10-05 00:00:00,1040.46
2009-10-06 00:00:00,1054.72
2009-10-07 00:00:00,1057.5799999999999
2009-10-08 00:00:00,1065.48
2009-10-09 00:00:00,1071.49
2009-10-12 00:00:00,1076.1900000000001
2009-10-13 00:00:00,1073.1900000000001
2009-10-14 00:00:00,1092.02
2009-10-15 00:00:00,1096.5599999999999
2009-10-16 00:00:00,1087.6800000000001
2009-10-19 00:00:00,1097.9100000000001
2009-10-20 00:00:00,1091.0599999999999
2009-10-21 00:00:00,1081.4000000000001
2009-10-22 00:00:00,1092.9100000000001
2009-10-23 00:00:00,1079.5999999999999
2009-10-26 00:00:00,1066.95
2009-10-27 00:00:00,1063.4100000000001
2009-10-28 00:00:00,1042.6300000000001
2009-10-29 00:00:00,1066.1099999999999
2009-10-30 00:00:00,1036.1900000000001
2009-11-02 00:00:00,1042.8800000000001
2009-11-03 00:00:00,1045.4100000000001
2009-11-04 00:00:00,1046.5
2009-11-05 00:00:00,1066.6300000000001
2009-11-06 00:00:00,1069.3
2009-11-09 00:00:00,1093.0799999999999
2009-11-10 00:00:00,1093.01
2009-11-11 00:00:00,1098.51
2009-11-12 00:00:00,1087.24
2009-11-13 00:00:00,1093.48
2009-11-16 00:00:00,1109.3
2009-11-17 00:00:00,1110.3199999999999
2009-11-18 00:00:00,1109.8
2009-11-19 00:00:00,1094.9000000000001
2009-11-20 00:00:00,1091.3800000000001
2009-11-23 00:00:00,1106.24
2009-11-24 00:00:00,1105.6500000000001
2009-11-25 00:00:00,1110.6300000000001
2009-11-27 00:00:00,1091.49
2009-11-30 00:00:00,1095.6300000000001
2009-12-01 00:00:00,1108.8599999999999
2009-12-02 00:00:00,1109.24
2009-12-03 00:00:00,1099.9200000000001
2009-12-04 00:00:00,1105.98
2009-12-07 00:00:00,1103.25
2009-12-08 00:00:00,1091.9400000000001
2009-12-09 00:00:00,1095.95
2009-12-10 00:00:00,1102.3499999999999
2009-12-11 00:00:00,1106.4100000000001
2009-12-14 00:00:00,1114.1099999999999
2009-12-15 00:00:00,1107.9300000000001
2009-12-16 00:00:00,1109.1800000000001
2009-12-17 00:00:00,1096.0799999999999
2009-12-18 00:00:00,1102.47
2009-12-21 00:00:00,1114.05
2009-12-22 00:00:00,1118.02
2009-12-23 00:00:00,1120.5899999999999
2009-12-24 00:00:00,1126.48
2009-12-28 00:00:00,1127.78
2009-12-29 00:00:00,1126.2
2009-12-30 00:00:00,1126.4200000000001
2009-12-31 00:00:00,1115.0999999999999
2010-01-04 00:00:00,1132.99
2010-01-05 00:00:00,1136.52
2010-01-06 00:00:00,1137.1400000000001
2010-01-07 00:00:00,1141.6900000000001
2010-01-08 00:00:00,1144.98
2010-01-11 00:00:00,1146.98
2010-01-12 00:00:00,1136.22
2010-01-13 00:00:00,1145.6800000000001
2010-01-14 00:00:00,1148.46
2010-01-15 00:00:00,1136.03
2010-01-19 00:00:00,1150.23
2010-01-20 00:00:00,1138.04
2010-01-21 00:00:00,1116.48
2010-01-22 00:00:00,1091.76
2010-01-25 00:00:00,1096.78
2010-01-26 00:00:00,1092.1700000000001
2010-01-27 00:00:00,1097.5
2010-01-28 00:00:00,1084.53
2010-01-29 00:00:00,1073.8699999999999
2010-02-01 00:00:00,1089.1900000000001
2010-02-02 00:00:00,1103.3199999999999
2010-02-03 00:00:00,1097.28
2010-02-04 00:00:00,1063.1099999999999
2010-02-05 00:00:00,1066.1900000000001
2010-02-08 00:00:00,1056.74
2010-02-09 00:00:00,1070.52
2010-02-10 00:00:00,1068.1300000000001
2010-02-11 00:00:00,1078.47
2010-02-12 00:00:00,1075.51
2010-02-16 00:00:00,1094.8699999999999
2010-02-17 00:00:00,1099.51
2010-02-18 00:00:00,1106.75
2010-02-19 00:00:00,1109.1700000000001
2010-02-22 00:00:00,1108.01
2010-02-23 00:00:00,1094.5999999999999
2010-02-24 00:00:00,1105.24
2010-02-25 00:00:00,1102.9400000000001
2010-02-26 00:00:00,1104.49
2010-03-01 00:00:00,1115.71
2010-03-02 00:00:00,1118.3099999999999
2010-03-03 00:00:00,1118.79
2010-03-04 00:00:00,1122.97
2010-03-05 00:00:00,1138.7
2010-03-08 00:00:00,1138.5
2010-03-09 00:00:00,1140.45
2010-03-10 00:00:00,1145.6099999999999
2010-03-11 00:00:00,1150.24
2010-03-12 00:00:00,1149.99
2010-03-15 00:00:00,1150.51
2010-03-16 00:00:00,1159.46
2010-03-17 00:00:00,1166.21
2010-03-18 00:00:00,1165.8299999999999
2010-03-19 00:00:00,1159.9000000000001
2010-03-22 00:00:00,1165.8099999999999
2010-03-23 00:00:00,1174.1700000000001
2010-03-24 00:00:00,1167.72
2010-03-25 00:00:00,1165.73
2010-03-26 00:00:00,1166.5899999999999
2010-03-29 00:00:00,1173.22
2010-03-30 00:00:00,1173.27
2010-03-31 00:00:00,1169.4300000000001
2010-04-01 00:00:00,1178.0999999999999
2010-04-05 00:00:00,1187.4400000000001
2010-04-06 00:00:00,1189.4400000000001
2010-04-07 00:00:00,1182.45
2010-04-08 00:00:00,1186.4400000000001
2010-04-09 00:00:00,1194.3699999999999
2010-04-12 00:00:00,1196.48
2010-04-13 00:00:00,1197.3
2010-04-14 00:00:00,1210.6500000000001
2010-04-15 00:00:00,1211.6700000000001
2010-04-16 00:00:00,1192.1300000000001
2010-04-19 00:00:00,1197.52
2010-04-20 00:00:00,1207.1700000000001
2010-04-21 00:00:00,1205.9400000000001
2010-04-22 00:00:00,1208.6700000000001
2010-04-23 00:00:00,1217.28
2010-04-26 00:00:00,1212.05
2010-04-27 00:00:00,1183.71
2010-04-28 00:00:00,1191.3599999999999
2010-04-29 00:00:00,1206.78
2010-04-30 00:00:00,1186.6900000000001
2010-05-03 00:00:00,1202.26
2010-05-04 00:00:00,1173.5999999999999
2010-05-05 00:00:00,1165.8699999999999
2010-05-06 00:00:00,1128.1500000000001
2010-05-07 00:00:00,1110.8800000000001
2010-05-10 00:00:00,1159.73
2010-05-11 00:00:00,1155.79
2010-05-12 00:00:00,1171.6700000000001
2010-05-13 00:00:00,1157.4400000000001
2010-05-14 00:00:00,1135.6800000000001
2010-05-17 00:00:00,1136.9400000000001
2010-05-18 00:00:00,1120.8
2010-05-19 00:00:00,1115.05
2010-05-20 00:00:00,1071.5899999999999
2010-05-21 00:00:00,1087.6900000000001
2010-05-24 00:00:00,1073.6500000000001
2010-05-25 00:00:00,1074.03
2010-05-26 00:00:00,1067.95
2010-05-27 00:00:00,1103.0599999999999
2010-05-28 00:00:00,1089.4100000000001
2010-06-01 00:00:00,1070.71
2010-06-02 00:00:00,1098.3800000000001
2010-06-03 00:00:00,1102.8299999999999
2010-06-04 00:00:00,1064.8800000000001
2010-06-07 00:00:00,1050.47
2010-06-08 00:00:00,1062.0
2010-06-09 00:00:00,1055.6900000000001
2010-06-10 00:00:00,1086.8399999999999
2010-06-11 00:00:00,1091.5999999999999
2010-06-14 00:00:00,1089.6300000000001
2010-06-15 00:00:00,1115.23
2010-06-16 00:00:00,1114.6099999999999
2010-06-17 00:00:00,1116.04
2010-06-18 00:00:00,1117.51
2010-06-21 00:00:00,1113.2
2010-06-22 00:00:00,1095.3099999999999
2010-06-23 00:00:00,1092.04
2010-06-24 00:00:00,1073.6900000000001
2010-06-25 00:00:00,1076.76
2010-06-28 00:00:00,1074.5699999999999
2010-06-29 00:00:00,1041.24
2010-06-30 00:00:00,1030.71
2010-07-01 00:00:00,1027.3699999999999
2010-07-02 00:00:00,1022.58
2010-07-06 00:00:00,1028.0599999999999
2010-07-07 00:00:00,1060.27
2010-07-08 00:00:00,1070.25
2010-07-09 00:00:00,1077.96
2010-07-12 00:00:00,1078.75
2010-07-13 00:00:00,1095.3399999999999
2010-07-14 00:00:00,1095.1700000000001
2010-07-15 00:00:00,1096.48
2010-07-16 00:00:00,1064.8800000000001
2010-07-19 00:00:00,1071.25
2010-07-20 00:00:00,1083.48
2010-07-21 00:00:00,1069.5899999999999
2010-07-22 00:00:00,1093.6700000000001
2010-07-23 00:00:00,1102.6600000000001
2010-07-26 00:00:00,1115.01
2010-07-27 00:00:00,1113.8399999999999
2010-07-28 00:00:00,1106.1300000000001
2010-07-29 00:00:00,1101.53
2010-07-30 00:00:00,1101.5999999999999
2010-08-02 00:00:00,1125.8599999999999
2010-08-03 00:00:00,1120.46
2010-08-04 00:00:00,1127.24
2010-08-05 00:00:00,1125.8099999999999
2010-08-06 00:00:00,1121.6400000000001
2010-08-09 00:00:00,1127.79
2010-08-10 00:00:00,1121.0599999999999
2010-08-11 00:00:00,1089.47
2010-08-12 00:00:00,1083.6099999999999
2010-08-13 00:00:00,1079.25
2010-08-16 00:00:00,1079.3800000000001
2010-08-17 00:00:00,1092.54
2010-08-18 00:00:00,1094.1600000000001
2010-08-19 00:00:00,1075.6300000000001
2010-08-20 00:00:00,1071.6900000000001
2010-08-23 00:00:00,1067.3599999999999
2010-08-24 00:00:00,1051.8699999999999
2010-08-25 00:00:00,1055.3299999999999
2010-08-26 00:00:00,1047.22
2010-08-27 00:00:00,1064.5899999999999
2010-08-30 00:00:00,1048.9200000000001
2010-08-31 00:00:00,1049.3299999999999
2010-09-01 00:00:00,1080.29
2010-09-02 00:00:00,1090.0999999999999
2010-09-03 00:00:00,1104.51
2010-09-07 00:00:00,1091.8399999999999
2010-09-08 00:00:00,1098.8699999999999
2010-09-09 00:00:00,1104.1800000000001
2010-09-10 00:00:00,1109.55
2010-09-13 00:00:00,1121.9000000000001
2010-09-14 00:00:00,1121.0999999999999
2010-09-15 00:00:00,1125.0699999999999
2010-09-16 00:00:00,1124.6600000000001
2010-09-17 00:00:00,1125.5899999999999
2010-09-20 00:00:00,1142.71
2010-09-21 00:00:00,1139.78
2010-09-22 00:00:00,1134.28
2010-09-23 00:00:00,1124.8299999999999
2010-09-24 00:00:00,1148.6700000000001
2010-09-27 00:00:00,1142.1600000000001
2010-09-28 00:00:00,1147.7
2010-09-29 00:00:00,1144.73
2010-09-30 00:00:00,1141.2
2010-10-01 00:00:00,1146.24
2010-10-04 00:00:00,1137.03
2010-10-05 00:00:00,1160.75
2010-10-06 00:00:00,1159.97
2010-10-07 00:00:00,1158.0599999999999
2010-10-08 00:00:00,1165.1500000000001
2010-10-11 00:00:00,1165.3199999999999
2010-10-12 00:00:00,1169.77
2010-10-13 00:00:00,1178.0999999999999
2010-10-14 00:00:00,1173.8099999999999
2010-10-15 00:00:00,1176.1900000000001
2010-10-18 00:00:00,1184.71
2010-10-19 00:00:00,1165.9000000000001
2010-10-20 00:00:00,1178.1700000000001
2010-10-21 00:00:00,1180.26
2010-10-22 00:00:00,1183.0799999999999
2010-10-25 00:00:00,1185.6199999999999
2010-10-26 00:00:00,1185.6400000000001
2010-10-27 00:00:00,1182.45
2010-10-28 00:00:00,1183.78
2010-10-29 00:00:00,1183.26
2010-11-01 00:00:00,1184.3800000000001
2010-11-02 00:00:00,1193.5699999999999
2010-11-03 00:00:00,1197.96
2010-11-04 00:00:00,1221.0599999999999
2010-11-05 00:00:00,1225.8499999999999
2010-11-08 00:00:00,1223.25
2010-11-09 00:00:00,1213.4000000000001
2010-11-10 00:00:00,1218.71
2010-11-11 00:00:00,1213.54
2010-11-12 00:00:00,1199.21
2010-11-15 00:00:00,1197.75
2010-11-16 00:00:00,1178.3399999999999
2010-11-17 00:00:00,1178.5899999999999
2010-11-18 00:00:00,1196.6900000000001
2010-11-19 00:00:00,1199.73
2010-11-22 00:00:00,1197.8399999999999
2010-11-23 00:00:00,1180.73
2010-11-24 00:00:00,1198.3499999999999
2010-11-26 00:00:00,1189.4000000000001
2010-11-29 00:00:00,1187.76
2010-11-30 00:00:00,1180.55
2010-12-01 00:00:00,1206.0699999999999
2010-12-02 00:00:00,1221.53
2010-12-03 00:00:00,1224.71
2010-12-06 00:00:00,1223.1199999999999
2010-12-07 00:00:00,1223.75
2010-12-08 00:00:00,1228.28
2010-12-09 00:00:00,1233.0
2010-12-10 00:00:00,1240.4000000000001
2010-12-13 00:00:00,1240.46
2010-12-14 00:00:00,1241.5899999999999
2010-12-15 00:00:00,1235.23
2010-12-16 00:00:00,1242.8699999999999
2010-12-17 00:00:00,1243.9100000000001
2010-12-20 00:00:00,1247.0799999999999
2010-12-21 00:00:00,1254.5999999999999
2010-12-22 00:00:00,1258.8399999999999
2010-12-23 00:00:00,1256.77
2010-12-27 00:00:00,1257.54
2010-12-28 00:00:00,1258.51
2010-12-29 00:00:00,1259.78
2010-12-30 00:00:00,1257.8800000000001
2010-12-31 00:00:00,1257.6400000000001
2011-01-03 00:00:00,1271.8699999999999
2011-01-04 00:00:00,1270.2
2011-01-05 00:00:00,1276.5599999999999
2011-01-06 00:00:00,1273.8499999999999
2011-01-07 00:00:00,1271.5
2011-01-10 00:00:00,1269.75
2011-01-11 00:00:00,1274.48
2011-01-12 00:00:00,1285.96
2011-01-13 00:00:00,1283.76
2011-01-14 00:00:00,1293.24
2011-01-18 00:00:00,1295.02
2011-01-19 00:00:00,1281.9200000000001
2011-01-20 00:00:00,1280.26
2011-01-21 00:00:00,1283.3499999999999
2011-01-24 00:00:00,1290.8399999999999
2011-01-25 00:00:00,1291.1800000000001
2011-01-26 00:00:00,1296.6300000000001
2011-01-27 00:00:00,1299.54
2011-01-28 00:00:00,1276.3399999999999
2011-01-31 00:00:00,1286.1199999999999
2011-02-01 00:00:00,1307.5899999999999
2011-02-02 00:00:00,1304.03
2011-02-03 00:00:00,1307.0999999999999
2011-02-04 00:00:00,1310.8699999999999
2011-02-07 00:00:00,1319.05
2011-02-08 00:00:00,1324.5699999999999
2011-02-09 00:00:00,1320.8800000000001
2011-02-10 00:00:00,1321.8699999999999
2011-02-11 00:00:00,1329.1500000000001
2011-02-14 00:00:00,1332.3199999999999
2011-02-15 00:00:00,1328.01
2011-02-16 00:00:00,1336.3199999999999
2011-02-17 00:00:00,1340.4300000000001
2011-02-18 00:00:00,1343.01
2011-02-22 00:00:00,1315.4400000000001
2011-02-23 00:00:00,1307.4000000000001
2011-02-24 00:00:00,1306.0999999999999
2011-02-25 00:00:00,1319.8800000000001
2011-02-28 00:00:00,1327.22
2011-03-01 00:00:00,1306.3299999999999
2011-03-02 00:00:00,1308.4400000000001
2011-03-03 00:00:00,1330.97
2011-03-04 00:00:00,1321.1500000000001
2011-03-07 00:00:00,1310.1300000000001
2011-03-08 00:00:00,1321.8199999999999
2011-03-09 00:00:00,1320.02
2011-03-10 00:00:00,1295.1099999999999
2011-03-11 00:00:00,1304.28
2011-03-14 00:00:00,1296.3900000000001
2011-03-15 00:00:00,1281.8699999999999
2011-03-16 00:00:00,1256.8800000000001
2011-03-17 00:00:00,1273.72
2011-03-18 00:00:00,1279.21
2011-03-21 00:00:00,1298.3800000000001
2011-03-22 00:00:00,1293.77
2011-03-23 00:00:00,1297.54
2011-03-24 00:00:00,1309.6600000000001
2011-03-25 00:00:00,1313.8
2011-03-28 00:00:00,1310.1900000000001
2011-03-29 00:00:00,1319.4400000000001
2011-03-30 00:00:00,1328.26
2011-03-31 00:00:00,1325.8299999999999
2011-04-01 00:00:00,1332.4100000000001
2011-04-04 00:00:00,1332.8699999999999
2011-04-05 00:00:00,1332.6300000000001
2011-04-06 00:00:00,1335.54
2011-04-07 00:00:00,1333.51
2011-04-08 00:00:00,1328.1700000000001
2011-04-11 00:00:00,1324.46
2011-04-12 00:00:00,1314.1600000000001
2011-04-13 00:00:00,1314.4100000000001
2011-04-14 00:00:00,1314.52
2011-04-15 00:00:00,1319.6800000000001
2011-04-18 00:00:00,1305.1400000000001
2011-04-19 00:00:00,1312.6199999999999
2011-04-20 00:00:00,1330.3599999999999
2011-04-21 00:00:00,1337.3800000000001
2011-04-25 00:00:00,1335.25
2011-04-26 00:00:00,1347.24
2011-04-27 00:00:00,1355.6600000000001
2011-04-28 00:00:00,1360.48
2011-04-29 00:00:00,1363.6099999999999
2011-05-02 00:00:00,1361.22
2011-05-03 00:00:00,1356.6199999999999
2011-05-04 00:00:00,1347.3199999999999
2011-05-05 00:00:00,1335.0999999999999
2011-05-06 00:00:00,1340.2
2011-05-09 00:00:00,1346.29
2011-05-10 00:00:00,1357.1600000000001
2011-05-11 00:00:00,1342.0799999999999
2011-05-12 00:00:00,1348.6500000000001
2011-05-13 00:00:00,1337.77
2011-05-16 00:00:00,1329.47
2011-05-17 00:00:00,1328.98
2011-05-18 00:00:00,1340.6800000000001
2011-05-19 00:00:00,1343.5999999999999
2011-05-20 00:00:00,1333.27
2011-05-23 00:00:00,1317.3699999999999
2011-05-24 00:00:00,1316.28
2011-05-25 00:00:00,1320.47
2011-05-26 00:00:00,1325.6900000000001
2011-05-27 00:00:00,1331.0999999999999
2011-05-31 00:00:00,1345.2
2011-06-01 00:00:00,1314.55
2011-06-02 00:00:00,1312.9400000000001
2011-06-03 00:00:00,1300.1600000000001
2011-06-06 00:00:00,1286.1700000000001
2011-06-07 00:00:00,1284.9400000000001
2011-06-08 00:00:00,1279.5599999999999
2011-06-09 00:00:00,1289.0
2011-06-10 00:00:00,1270.98
2011-06-13 00:00:00,1271.8299999999999
2011-06-14 00:00:00,1287.8699999999999
2011-06-15 00:00:00,1265.4200000000001
2011-06-16 00:00:00,1267.6400000000001
2011-06-17 00:00:00,1271.5
2011-06-20 00:00:00,1278.3599999999999
2011-06-21 00:00:00,1295.52
2011-06-22 00:00:00,1287.1400000000001
2011-06-23 00:00:00,1283.5
2011-06-24 00:00:00,1268.45
2011-06-27 00:00:00,1280.0999999999999
2011-06-28 00:00:00,1296.6700000000001
2011-06-29 00:00:00,1307.4100000000001
2011-06-30 00:00:00,1320.6400000000001
2011-07-01 00:00:00,1339.6700000000001
2011-07-05 00:00:00,1337.8800000000001
2011-07-06 00:00:00,1339.22
2011-07-07 00:00:00,1353.22
2011-07-08 00:00:00,1343.8
2011-07-11 00:00:00,1319.49
2011-07-12 00:00:00,1313.6400000000001
2011-07-13 00:00:00,1317.72
2011-07-14 00:00:00,1308.8699999999999
2011-07-15 00:00:00,1316.1400000000001
2011-07-18 00:00:00,1305.4400000000001
2011-07-19 00:00:00,1326.73
2011-07-20 00:00:00,1325.8399999999999
2011-07-21 00:00:00,1343.8
2011-07-22 00:00:00,1345.02
2011-07-25 00:00:00,1337.4300000000001
2011-07-26 00:00:00,1331.9400000000001
2011-07-27 00:00:00,1304.8900000000001
2011-07-28 00:00:00,1300.6700000000001
2011-07-29 00:00:00,1292.28
2011-08-01 00:00:00,1286.9400000000001
2011-08-02 00:00:00,1254.05
2011-08-03 00:00:00,1260.3399999999999
2011-08-04 00:00:00,1200.0699999999999
2011-08-05 00:00:00,1199.3800000000001
2011-08-08 00:00:00,1119.46
2011-08-09 00:00:00,1172.53
2011-08-10 00:00:00,1120.76
2011-08-11 00:00:00,1172.6400000000001
2011-08-12 00:00:00,1178.8099999999999
2011-08-15 00:00:00,1204.49
2011-08-16 00:00:00,1192.76
2011-08-17 00:00:00,1193.8900000000001
2011-08-18 00:00:00,1140.6500000000001
2011-08-19 00:00:00,1123.53
2011-08-22 00:00:00,1123.8199999999999
2011-08-23 00:00:00,1162.3499999999999
2011-08-24 00:00:00,1177.5999999999999
2011-08-25 00:00:00,1159.27
2011-08-26 00:00:00,1176.8
2011-08-29 00:00:00,1210.0799999999999
2011-08-30 00:00:00,1212.9200000000001
2011-08-31 00:00:00,1218.8900000000001
2011-09-01 00:00:00,1204.4200000000001
2011-09-02 00:00:00,1173.97
2011-09-06 00:00:00,1165.24
2011-09-07 00:00:00,1198.6199999999999
2011-09-08 00:00:00,1185.9000000000001
2011-09-09 00:00:00,1154.23
2011-09-12 00:00:00,1162.27
2011-09-13 00:00:00,1172.8699999999999
2011-09-14 00:00:00,1188.6800000000001
2011-09-15 00:00:00,1209.1099999999999
2011-09-16 00:00:00,1216.01
2011-09-19 00:00:00,1204.0899999999999
2011-09-20 00:00:00,1202.0899999999999
2011-09-21 00:00:00,1166.76
2011-09-22 00:00:00,1129.5599999999999
2011-09-23 00:00:00,1136.4300000000001
2011-09-26 00:00:00,1162.95
2011-09-27 00:00:00,1175.3800000000001
2011-09-28 00:00:00,1151.0599999999999
2011-09-29 00:00:00,1160.4000000000001
2011-09-30 00:00:00,1131.4200000000001
2011-10-03 00:00:00,1099.23
2011-10-04 00:00:00,1123.95
2011-10-05 00:00:00,1144.03
2011-10-06 00:00:00,1164.97
2011-10-07 00:00:00,1155.46
2011-10-10 00:00:00,1194.8900000000001
2011-10-11 00:00:00,1195.54
2011-10-12 00:00:00,1207.25
2011-10-13 00:00:00,1203.6600000000001
2011-10-14 00:00:00,1224.5799999999999
2011-10-17 00:00:00,1200.8599999999999
2011-10-18 00:00:00,1225.3800000000001
2011-10-19 00:00:00,1209.8800000000001
2011-10-20 00:00:00,1215.3900000000001
2011-10-21 00:00:00,1238.25
2011-10-24 00:00:00,1254.1900000000001
2011-10-25 00:00:00,1229.05
2011-10-26 00:00:00,1242.0
2011-10-27 00:00:00,1284.5899999999999
2011-10-28 00:00:00,1285.0899999999999
2011-10-31 00:00:00,1253.3
2011-11-01 00:00:00,1218.28
2011-11-02 00:00:00,1237.9000000000001
2011-11-03 00:00:00,1261.1500000000001
2011-11-04 00:00:00,1253.23
2011-11-07 00:00:00,1261.1199999999999
2011-11-08 00:00:00,1275.9200000000001
2011-11-09 00:00:00,1229.0999999999999
2011-11-10 00:00:00,1239.7
2011-11-11 00:00:00,1263.8499999999999
2011-11-14 00:00:00,1251.78
2011-11-15 00:00:00,1257.8099999999999
2011-11-16 00:00:00,1236.9100000000001
2011-11-17 00:00:00,1216.1300000000001
2011-11-18 00:00:00,1215.6500000000001
2011-11-21 00:00:00,1192.98
2011-11-22 00:00:00,1188.04
2011-11-23 00:00:00,1161.79
2011-11-25 00:00:00,1158.6700000000001
2011-11-28 00:00:00,1192.55
2011-11-29 00:00:00,1195.1900000000001
2011-11-30 00:00:00,1246.96
2011-12-01 00:00:00,1244.5799999999999
2011-12-02 00:00:00,1244.28
2011-12-05 00:00:00,1257.0799999999999
2011-12-06 00:00:00,1258.47
2011-12-07 00:00:00,1261.01
2011-12-08 00:00:00,1234.3499999999999
2011-12-09 00:00:00,1255.1900000000001
2011-12-12 00:00:00,1236.47
2011-12-13 00:00:00,1225.73
2011-12-14 00:00:00,1211.8199999999999
2011-12-15 00:00:00,1215.75
2011-12-16 00:00:00,1219.6600000000001
2011-12-19 00:00:00,1205.3499999999999
2011-12-20 00:00:00,1241.3
2011-12-21 00:00:00,1243.72
2011-12-22 00:00:00,1254.0
2011-12-23 00:00:00,1265.3299999999999
2011-12-27 00:00:00,1265.4300000000001
2011-12-28 00:00:00,1249.6400000000001
2011-12-29 00:00:00,1263.02
2011-12-30 00:00:00,1257.5999999999999
2012-01-03 00:00:00,1277.0599999999999
2012-01-04 00:00:00,1277.3
2012-01-05 00:00:00,1281.0599999999999
2012-01-06 00:00:00,1277.8099999999999
2012-01-09 00:00:00,1280.7
2012-01-10 00:00:00,1292.0799999999999
2012-01-11 00:00:00,1292.48
2012-01-12 00:00:00,1295.5
2012-01-13 00:00:00,1289.0899999999999
2012-01-17 00:00:00,1293.6700000000001
2012-01-18 00:00:00,1308.04
2012-01-19 00:00:00,1314.5
2012-01-20 00:00:00,1315.3800000000001
2012-01-23 00:00:00,1316.0
2012-01-24 00:00:00,1314.6500000000001
2012-01-25 00:00:00,1326.0599999999999
2012-01-26 00:00:00,1318.4300000000001
2012-01-27 00:00:00,1316.3299999999999
2012-01-30 00:00:00,1313.01
2012-01-31 00:00:00,1312.4100000000001
2012-02-01 00:00:00,1324.0899999999999
2012-02-02 00:00:00,1325.54
2012-02-03 00:00:00,1344.9000000000001
2012-02-06 00:00:00,1344.3299999999999
2012-02-07 00:00:00,1347.05
2012-02-08 00:00:00,1349.96
2012-02-09 00:00:00,1351.95
2012-02-10 00:00:00,1342.6400000000001
2012-02-13 00:00:00,1351.77
2012-02-14 00:00:00,1350.5
2012-02-15 00:00:00,1343.23
2012-02-16 00:00:00,1358.04
2012-02-17 00:00:00,1361.23
2012-02-21 00:00:00,1362.21
2012-02-22 00:00:00,1357.6600000000001
2012-02-23 00:00:00,1363.46
2012-02-24 00:00:00,1365.74
2012-02-27 00:00:00,1367.5899999999999
2012-02-28 00:00:00,1372.1800000000001
2012-02-29 00:00:00,1365.6800000000001
2012-03-01 00:00:00,1374.0899999999999
2012-03-02 00:00:00,1369.6300000000001
2012-03-05 00:00:00,1364.3299999999999
2012-03-06 00:00:00,1343.3599999999999
2012-03-07 00:00:00,1352.6300000000001
2012-03-08 00:00:00,1365.9100000000001
2012-03-09 00:00:00,1370.8699999999999
2012-03-12 00:00:00,1371.0899999999999
2012-03-13 00:00:00,1395.95
2012-03-14 00:00:00,1394.28
2012-03-15 00:00:00,1402.5999999999999
2012-03-16 00:00:00,1404.1700000000001
2012-03-19 00:00:00,1409.75
2012-03-20 00:00:00,1405.52
2012-03-21 00:00:00,1402.8900000000001
2012-03-22 00:00:00,1392.78
2012-03-23 00:00:00,1397.1099999999999
2012-03-26 00:00:00,1416.51
2012-03-27 00:00:00,1412.52
2012-03-28 00:00:00,1405.54
2012-03-29 00:00:00,1403.28
2012-03-30 00:00:00,1408.47
2012-04-02 00:00:00,1419.04
2012-04-03 00:00:00,1413.3800000000001
2012-04-04 00:00:00,1398.96
2012-04-05 00:00:00,1398.0799999999999
2012-04-09 00:00:00,1382.2
2012-04-10 00:00:00,1358.5899999999999
2012-04-11 00:00:00,1368.71
2012-04-12 00:00:00,1387.5699999999999
2012-04-13 00:00:00,1370.26
2012-04-16 00:00:00,1369.5699999999999
2012-04-17 00:00:00,1390.78
2012-04-18 00:00:00,1385.1400000000001
2012-04-19 00:00:00,1376.9200000000001
2012-04-20 00:00:00,1378.53
2012-04-23 00:00:00,1366.9400000000001
2012-04-24 00:00:00,1371.97
2012-04-25 00:00:00,1390.6900000000001
2012-04-26 00:00:00,1399.98
2012-04-27 00:00:00,1403.3599999999999
2012-04-30 00:00:00,1397.9100000000001
2012-05-01 00:00:00,1405.8199999999999
2012-05-02 00:00:00,1402.3099999999999
2012-05-03 00:00:00,1391.5699999999999
2012-05-04 00:00:00,1369.0999999999999
2012-05-07 00:00:00,1369.5799999999999
2012-05-08 00:00:00,1363.72
2012-05-09 00:00:00,1354.5799999999999
2012-05-10 00:00:00,1357.99
2012-05-11 00:00:00,1353.3900000000001
2012-05-14 00:00:00,1338.3499999999999
2012-05-15 00:00:00,1330.6600000000001
2012-05-16 00:00:00,1324.8
2012-05-17 00:00:00,1304.8599999999999
2012-05-18 00:00:00,1295.22
2012-05-21 00:00:00,1315.99
2012-05-22 00:00:00,1316.6300000000001
2012-05-23 00:00:00,1318.8599999999999
2012-05-24 00:00:00,1320.6800000000001
2012-05-25 00:00:00,1317.8199999999999
2012-05-29 00:00:00,1332.4200000000001
2012-05-30 00:00:00,1313.3199999999999
2012-05-31 00:00:00,1310.3299999999999
2012-06-01 00:00:00,1278.04
2012-06-04 00:00:00,1278.1800000000001
2012-06-05 00:00:00,1285.5
2012-06-06 00:00:00,1315.1300000000001
2012-06-07 00:00:00,1314.99
2012-06-08 00:00:00,1325.6600000000001
2012-06-11 00:00:00,1308.9300000000001
2012-06-12 00:00:00,1324.1800000000001
2012-06-13 00:00:00,1314.8800000000001
2012-06-14 00:00:00,1329.0999999999999
2012-06-15 00:00:00,1342.8399999999999
2012-06-18 00:00:00,1344.78
2012-06-19 00:00:00,1357.98
2012-06-20 00:00:00,1355.6900000000001
2012-06-21 00:00:00,1325.51
2012-06-22 00:00:00,1335.02
2012-06-25 00:00:00,1313.72
2012-06-26 00:00:00,1319.99
2012-06-27 00:00:00,1331.8499999999999
2012-06-28 00:00:00,1329.04
2012-06-29 00:00:00,1362.1600000000001
2012-07-02 00:00:00,1365.51
2012-07-03 00:00:00,1374.02
2012-07-05 00:00:00,1367.5799999999999
2012-07-06 00:00:00,1354.6800000000001
2012-07-09 00:00:00,1352.46
2012-07-10 00:00:00,1341.47
2012-07-11 00:00:00,1341.45
2012-07-12 00:00:00,1334.76
2012-07-13 00:00:00,1356.78
2012-07-16 00:00:00,1353.6400000000001
2012-07-17 00:00:00,1363.6700000000001
2012-07-18 00:00:00,1372.78
2012-07-19 00:00:00,1376.51
2012-07-20 00:00:00,1362.6600000000001
2012-07-23 00:00:00,1350.52
2012-07-24 00:00:00,1338.3099999999999
2012-07-25 00:00:00,1337.8900000000001
2012-07-26 00:00:00,1360.02
2012-07-27 00:00:00,1385.97
2012-07-30 00:00:00,1385.3
2012-07-31 00:00:00,1379.3199999999999
2012-08-01 00:00:00,1375.3199999999999
2012-08-02 00:00:00,1365.0
2012-08-03 00:00:00,1390.99
2012-08-06 00:00:00,1394.23
2012-08-07 00:00:00,1401.3499999999999
2012-08-08 00:00:00,1402.22
2012-08-09 00:00:00,1402.8
2012-08-10 00:00:00,1405.8699999999999
2012-08-13 00:00:00,1404.1099999999999
2012-08-14 00:00:00,1403.9300000000001
2012-08-15 00:00:00,1405.53
2012-08-16 00:00:00,1415.51
2012-08-17 00:00:00,1418.1600000000001
2012-08-20 00:00:00,1418.1300000000001
2012-08-21 00:00:00,1413.1700000000001
2012-08-22 00:00:00,1413.49
2012-08-23 00:00:00,1402.0799999999999
2012-08-24 00:00:00,1411.1300000000001
2012-08-27 00:00:00,1410.4400000000001
2012-08-28 00:00:00,1409.3
2012-08-29 00:00:00,1410.49
2012-08-30 00:00:00,1399.48
2012-08-31 00:00:00,1406.5799999999999
2012-09-04 00:00:00,1404.9400000000001
2012-09-05 00:00:00,1403.4400000000001
2012-09-06 00:00:00,1432.1199999999999
2012-09-07 00:00:00,1437.9200000000001
2012-09-10 00:00:00,1429.0799999999999
2012-09-11 00:00:00,1433.5599999999999
2012-09-12 00:00:00,1436.5599999999999
2012-09-13 00:00:00,1459.99
2012-09-14 00:00:00,1465.77
2012-09-17 00:00:00,1461.1900000000001
2012-09-18 00:00:00,1459.3199999999999
2012-09-19 00:00:00,1461.05
2012-09-20 00:00:00,1460.26
2012-09-21 00:00:00,1460.1500000000001
2012-09-24 00:00:00,1456.8900000000001
2012-09-25 00:00:00,1441.5899999999999
2012-09-26 00:00:00,1433.3199999999999
2012-09-27 00:00:00,1447.1500000000001
2012-09-28 00:00:00,1440.6700000000001
2012-10-01 00:00:00,1444.49
2012-10-02 00:00:00,1445.75
2012-10-03 00:00:00,1450.99
2012-10-04 00:00:00,1461.4000000000001
2012-10-05 00:00:00,1460.9300000000001
2012-10-08 00:00:00,1455.8800000000001
2012-10-09 00:00:00,1441.48
2012-10-10 00:00:00,1432.5599999999999
2012-10-11 00:00:00,1432.8399999999999
2012-10-12 00:00:00,1428.5899999999999
2012-10-15 00:00:00,1440.1300000000001
2012-10-16 00:00:00,1454.9200000000001
2012-10-17 00:00:00,1460.9100000000001
2012-10-18 00:00:00,1457.3399999999999
2012-10-19 00:00:00,1433.1900000000001
2012-10-22 00:00:00,1433.8199999999999
2012-10-23 00:00:00,1413.1099999999999
2012-10-24 00:00:00,1408.75
2012-10-25 00:00:00,1412.97
2012-10-26 00:00:00,1411.9400000000001
2012-10-31 00:00:00,1412.1600000000001
2012-11-01 00:00:00,1427.5899999999999
2012-11-02 00:00:00,1414.2
2012-11-05 00:00:00,1417.26
2012-11-06 00:00:00,1428.3900000000001
2012-11-07 00:00:00,1394.53
2012-11-08 00:00:00,1377.51
2012-11-09 00:00:00,1379.8499999999999
2012-11-12 00:00:00,1380.03
2012-11-13 00:00:00,1374.53
2012-11-14 00:00:00,1355.49
2012-11-15 00:00:00,1353.3299999999999
2012-11-16 00:00:00,1359.8800000000001
2012-11-19 00:00:00,1386.8900000000001
2012-11-20 00:00:00,1387.8099999999999
2012-11-21 00:00:00,1391.03
2012-11-23 00:00:00,1409.1500000000001
2012-11-26 00:00:00,1406.29
2012-11-27 00:00:00,1398.9400000000001
2012-11-28 00:00:00,1409.9300000000001
2012-11-29 00:00:00,1415.95
2012-11-30 00:00:00,1416.1800000000001
2012-12-03 00:00:00,1409.46
2012-12-04 00:00:00,1407.05
2012-12-05 00:00:00,1409.28
2012-12-06 00:00:00,1413.9400000000001
2012-12-07 00:00:00,1418.0699999999999
2012-12-10 00:00:00,1418.55
2012-12-11 00:00:00,1427.8399999999999
2012-12-12 00:00:00,1428.48
2012-12-13 00:00:00,1419.45
2012-12-14 00:00:00,1413.5799999999999
2012-12-17 00:00:00,1430.3599999999999
2012-12-18 00:00:00,1446.79
2012-12-19 00:00:00,1435.8099999999999
2012-12-20 00:00:00,1443.6900000000001
2012-12-21 00:00:00,1430.1500000000001
2012-12-24 00:00:00,1426.6600000000001
2012-12-26 00:00:00,1419.8299999999999
2012-12-27 00:00:00,1418.0999999999999
2012-12-28 00:00:00,1402.4300000000001
2012-12-31 00:00:00,1426.1900000000001
2013-01-02 00:00:00,1462.4200000000001
2013-01-03 00:00:00,1459.3699999999999
2013-01-04 00:00:00,1466.47
2013-01-07 00:00:00,1461.8900000000001
2013-01-08 00:00:00,1457.1500000000001
2013-01-09 00:00:00,1461.02
2013-01-10 00:00:00,1472.1199999999999
2013-01-11 00:00:00,1472.05
2013-01-14 00:00:00,1470.6800000000001
2013-01-15 00:00:00,1472.3399999999999
2013-01-16 00:00:00,1472.6300000000001
2013-01-17 00:00:00,1480.9400000000001
2013-01-18 00:00:00,1485.98
2013-01-22 00:00:00,1492.5599999999999
2013-01-23 00:00:00,1494.8099999999999
2013-01-24 00:00:00,1494.8199999999999
2013-01-25 00:00:00,1502.96
2013-01-28 00:00:00,1500.1800000000001
2013-01-29 00:00:00,1507.8399999999999
2013-01-30 00:00:00,1501.96
2013-01-31 00:00:00,1498.1099999999999
2013-02-01 00:00:00,1513.1700000000001
2013-02-04 00:00:00,1495.71
2013-02-05 00:00:00,1511.29
2013-02-06 00:00:00,1512.1199999999999
2013-02-07 00:00:00,1509.3900000000001
2013-02-08 00:00:00,1517.9300000000001
2013-02-11 00:00:00,1517.01
2013-02-12 00:00:00,1519.4300000000001
2013-02-13 00:00:00,1520.3299999999999
2013-02-14 00:00:00,1521.3800000000001
2013-02-15 00:00:00,1519.79
2013-02-19 00:00:00,1530.9400000000001
2013-02-20 00:00:00,1511.95
2013-02-21 00:00:00,1502.4200000000001
2013-02-22 00:00:00,1515.5999999999999
2013-02-25 00:00:00,1487.8499999999999
2013-02-26 00:00:00,1496.9400000000001
2013-02-27 00:00:00,1515.99
2013-02-28 00:00:00,1514.6800000000001
2013-03-01 00:00:00,1518.2
2013-03-04 00:00:00,1525.2
2013-03-05 00:00:00,1539.79
2013-03-06 00:00:00,1541.46
2013-03-07 00:00:00,1544.26
2013-03-08 00:00:00,1551.1800000000001
2013-03-11 00:00:00,1556.22
2013-03-12 00:00:00,1552.48
2013-03-13 00:00:00,1554.52
2013-03-14 00:00:00,1563.23
2013-03-15 00:00:00,1560.7
2013-03-18 00:00:00,1552.0999999999999
2013-03-19 00:00:00,1548.3399999999999
2013-03-20 00:00:00,1558.71
